{"id1":"Ficha03_041 (16).java","id2":"Ficha03_041 (5).java","similarities":{"AVG":0.6779661016949152,"MAX":0.6896551724137931},"matches":[{"file1":"Ficha03_041 (16).java\\Ficha03_041 (16).java","file2":"Ficha03_041 (5).java\\Ficha03_041 (5).java","start1":1,"start1_col":1,"startToken1":0,"end1":16,"end1_col":-547,"endToken1":19,"start2":1,"start2_col":1,"startToken2":0,"end2":16,"endToken2":-541,"end2_col":19,"tokens":20}],"first_similarity":0.6896551724137931,"second_similarity":0.6666666666666666}