{"id1":"Ficha03_041 (14).java","id2":"Ficha03_041 (9).java","similarities":{"AVG":0.8,"MAX":0.8125},"matches":[{"file1":"Ficha03_041 (14).java\\Ficha03_041 (14).java","file2":"Ficha03_041 (9).java\\Ficha03_041 (9).java","start1":1,"start1_col":1,"startToken1":0,"end1":14,"end1_col":46,"endToken1":15,"start2":1,"start2_col":1,"startToken2":0,"end2":15,"endToken2":33,"end2_col":15,"tokens":16},{"file1":"Ficha03_041 (14).java\\Ficha03_041 (14).java","file2":"Ficha03_041 (9).java\\Ficha03_041 (9).java","start1":17,"start1_col":9,"startToken1":20,"end1":24,"end1_col":-989,"endToken1":29,"start2":17,"start2_col":23,"startToken2":19,"end2":24,"endToken2":-975,"end2_col":28,"tokens":10}],"first_similarity":0.8125,"second_similarity":0.7878787878787878}