{"id1":"Ficha03_041 (15).java","id2":"Ficha03_041 (4).java","similarities":{"AVG":0.5230769230769231,"MAX":0.5666666666666667},"matches":[{"file1":"Ficha03_041 (15).java\\Ficha03_041 (15).java","file2":"Ficha03_041 (4).java\\Ficha03_041 (4).java","start1":1,"start1_col":1,"startToken1":0,"end1":15,"end1_col":46,"endToken1":16,"start2":1,"start2_col":1,"startToken2":0,"end2":15,"endToken2":31,"end2_col":16,"tokens":17}],"first_similarity":0.5666666666666667,"second_similarity":0.4857142857142857}