{"id1":"Ficha03_041 (16).java","id2":"Ficha03_041 (9).java","similarities":{"AVG":0.6774193548387096,"MAX":0.7241379310344828},"matches":[{"file1":"Ficha03_041 (16).java\\Ficha03_041 (16).java","file2":"Ficha03_041 (9).java\\Ficha03_041 (9).java","start1":1,"start1_col":1,"startToken1":0,"end1":17,"end1_col":60,"endToken1":20,"start2":1,"start2_col":1,"startToken2":0,"end2":18,"endToken2":44,"end2_col":20,"tokens":21}],"first_similarity":0.7241379310344828,"second_similarity":0.6363636363636364}