{"id1":"Ficha03_041 (11).java","id2":"Ficha03_041 (14).java","similarities":{"AVG":0.59375,"MAX":0.59375},"matches":[{"file1":"Ficha03_041 (11).java\\Ficha03_041 (11).java","file2":"Ficha03_041 (14).java\\Ficha03_041 (14).java","start1":17,"start1_col":9,"startToken1":20,"end1":24,"end1_col":-985,"endToken1":29,"start2":16,"start2_col":26,"startToken2":19,"end2":23,"endToken2":-936,"end2_col":28,"tokens":10},{"file1":"Ficha03_041 (11).java\\Ficha03_041 (11).java","file2":"Ficha03_041 (14).java\\Ficha03_041 (14).java","start1":11,"start1_col":9,"startToken1":10,"end1":15,"end1_col":-508,"endToken1":18,"start2":9,"start2_col":9,"startToken2":6,"end2":13,"endToken2":-404,"end2_col":14,"tokens":9}],"first_similarity":0.59375,"second_similarity":0.59375}