{"id1":"Ficha03_041 (3).java","id2":"Ficha03_041 (9).java","similarities":{"AVG":0.5538461538461539,"MAX":0.5625},"matches":[{"file1":"Ficha03_041 (3).java\\Ficha03_041 (3).java","file2":"Ficha03_041 (9).java\\Ficha03_041 (9).java","start1":11,"start1_col":9,"startToken1":10,"end1":15,"end1_col":-515,"endToken1":18,"start2":9,"start2_col":9,"startToken2":6,"end2":13,"endToken2":-409,"end2_col":14,"tokens":9},{"file1":"Ficha03_041 (3).java\\Ficha03_041 (3).java","file2":"Ficha03_041 (9).java\\Ficha03_041 (9).java","start1":18,"start1_col":9,"startToken1":21,"end1":24,"end1_col":-1019,"endToken1":29,"start2":17,"start2_col":23,"startToken2":19,"end2":23,"endToken2":-905,"end2_col":27,"tokens":9}],"first_similarity":0.5625,"second_similarity":0.5454545454545454}