{"id1":"Ficha03_041 (10).java","id2":"Ficha03_041 (3).java","similarities":{"AVG":0.59375,"MAX":0.59375},"matches":[{"file1":"Ficha03_041 (10).java\\Ficha03_041 (10).java","file2":"Ficha03_041 (3).java\\Ficha03_041 (3).java","start1":16,"start1_col":28,"startToken1":19,"end1":23,"end1_col":-1015,"endToken1":28,"start2":17,"start2_col":9,"startToken2":20,"end2":24,"endToken2":-1019,"end2_col":29,"tokens":10},{"file1":"Ficha03_041 (10).java\\Ficha03_041 (10).java","file2":"Ficha03_041 (3).java\\Ficha03_041 (3).java","start1":9,"start1_col":9,"startToken1":6,"end1":13,"end1_col":-415,"endToken1":14,"start2":11,"start2_col":9,"startToken2":10,"end2":15,"endToken2":-515,"end2_col":18,"tokens":9}],"first_similarity":0.59375,"second_similarity":0.59375}