{"id1":"Ficha03_041 (10).java","id2":"Ficha03_041 (4).java","similarities":{"AVG":0.7761194029850746,"MAX":0.8125},"matches":[{"file1":"Ficha03_041 (10).java\\Ficha03_041 (10).java","file2":"Ficha03_041 (4).java\\Ficha03_041 (4).java","start1":1,"start1_col":1,"startToken1":0,"end1":14,"end1_col":59,"endToken1":15,"start2":1,"start2_col":1,"startToken2":0,"end2":14,"endToken2":20,"end2_col":15,"tokens":16},{"file1":"Ficha03_041 (10).java\\Ficha03_041 (10).java","file2":"Ficha03_041 (4).java\\Ficha03_041 (4).java","start1":17,"start1_col":9,"startToken1":20,"end1":24,"end1_col":-1080,"endToken1":29,"start2":17,"start2_col":24,"startToken2":20,"end2":25,"endToken2":-1005,"end2_col":29,"tokens":10}],"first_similarity":0.8125,"second_similarity":0.7428571428571429}