{"id1":"Ficha03_041 (15).java","id2":"Ficha03_041 (2).java","similarities":{"AVG":0.5333333333333333,"MAX":0.5333333333333333},"matches":[{"file1":"Ficha03_041 (15).java\\Ficha03_041 (15).java","file2":"Ficha03_041 (2).java\\Ficha03_041 (2).java","start1":1,"start1_col":1,"startToken1":0,"end1":14,"end1_col":31,"endToken1":15,"start2":1,"start2_col":1,"startToken2":0,"end2":14,"endToken2":44,"end2_col":15,"tokens":16}],"first_similarity":0.5333333333333333,"second_similarity":0.5333333333333333}