{"id1":"Ficha03_041 (5).java","id2":"Ficha03_041 (9).java","similarities":{"AVG":0.6349206349206349,"MAX":0.6666666666666666},"matches":[{"file1":"Ficha03_041 (5).java\\Ficha03_041 (5).java","file2":"Ficha03_041 (9).java\\Ficha03_041 (9).java","start1":1,"start1_col":1,"startToken1":0,"end1":16,"end1_col":-541,"endToken1":19,"start2":1,"start2_col":1,"startToken2":0,"end2":17,"endToken2":-571,"end2_col":19,"tokens":20}],"first_similarity":0.6666666666666666,"second_similarity":0.6060606060606061}