{"id1":"Ficha03_041 (2).java","id2":"Ficha03_041 (7).java","similarities":{"AVG":0.8064516129032258,"MAX":0.8333333333333334},"matches":[{"file1":"Ficha03_041 (2).java\\Ficha03_041 (2).java","file2":"Ficha03_041 (7).java\\Ficha03_041 (7).java","start1":1,"start1_col":1,"startToken1":0,"end1":14,"end1_col":44,"endToken1":15,"start2":1,"start2_col":1,"startToken2":0,"end2":14,"endToken2":30,"end2_col":15,"tokens":16},{"file1":"Ficha03_041 (2).java\\Ficha03_041 (2).java","file2":"Ficha03_041 (7).java\\Ficha03_041 (7).java","start1":14,"start1_col":22,"startToken1":16,"end1":21,"end1_col":-807,"endToken1":24,"start2":15,"start2_col":21,"startToken2":17,"end2":21,"endToken2":-827,"end2_col":25,"tokens":9}],"first_similarity":0.8333333333333334,"second_similarity":0.78125}