{"id1":"Ficha03_041 (15).java","id2":"Ficha03_041 (5).java","similarities":{"AVG":0.7333333333333333,"MAX":0.7333333333333333},"matches":[{"file1":"Ficha03_041 (15).java\\Ficha03_041 (15).java","file2":"Ficha03_041 (5).java\\Ficha03_041 (5).java","start1":1,"start1_col":1,"startToken1":0,"end1":18,"end1_col":-664,"endToken1":21,"start2":1,"start2_col":1,"startToken2":0,"end2":18,"endToken2":-669,"end2_col":21,"tokens":22}],"first_similarity":0.7333333333333333,"second_similarity":0.7333333333333333}