{"id1":"Ficha03_041 (11).java","id2":"Ficha03_041 (4).java","similarities":{"AVG":0.5373134328358209,"MAX":0.5625},"matches":[{"file1":"Ficha03_041 (11).java\\Ficha03_041 (11).java","file2":"Ficha03_041 (4).java\\Ficha03_041 (4).java","start1":11,"start1_col":9,"startToken1":10,"end1":15,"end1_col":-508,"endToken1":18,"start2":9,"start2_col":9,"startToken2":6,"end2":13,"endToken2":-405,"end2_col":14,"tokens":9},{"file1":"Ficha03_041 (11).java\\Ficha03_041 (11).java","file2":"Ficha03_041 (4).java\\Ficha03_041 (4).java","start1":18,"start1_col":9,"startToken1":21,"end1":24,"end1_col":-985,"endToken1":29,"start2":17,"start2_col":24,"startToken2":20,"end2":24,"endToken2":-955,"end2_col":28,"tokens":9}],"first_similarity":0.5625,"second_similarity":0.5142857142857142}