{"id1":"Ficha03_041 (16).java","id2":"Ficha03_041 (2).java","similarities":{"AVG":0.5423728813559322,"MAX":0.5517241379310345},"matches":[{"file1":"Ficha03_041 (16).java\\Ficha03_041 (16).java","file2":"Ficha03_041 (2).java\\Ficha03_041 (2).java","start1":1,"start1_col":1,"startToken1":0,"end1":14,"end1_col":34,"endToken1":15,"start2":1,"start2_col":1,"startToken2":0,"end2":14,"endToken2":44,"end2_col":15,"tokens":16}],"first_similarity":0.5517241379310345,"second_similarity":0.5333333333333333}