{"id1":"Ficha03_041 (3).java","id2":"Ficha03_041 (7).java","similarities":{"AVG":0.5625,"MAX":0.5625},"matches":[{"file1":"Ficha03_041 (3).java\\Ficha03_041 (3).java","file2":"Ficha03_041 (7).java\\Ficha03_041 (7).java","start1":11,"start1_col":9,"startToken1":10,"end1":15,"end1_col":-515,"endToken1":18,"start2":9,"start2_col":9,"startToken2":6,"end2":13,"endToken2":-404,"end2_col":14,"tokens":9},{"file1":"Ficha03_041 (3).java\\Ficha03_041 (3).java","file2":"Ficha03_041 (7).java\\Ficha03_041 (7).java","start1":20,"start1_col":9,"startToken1":23,"end1":27,"end1_col":1,"endToken1":31,"start2":20,"start2_col":9,"startToken2":23,"end2":27,"endToken2":1,"end2_col":31,"tokens":9}],"first_similarity":0.5625,"second_similarity":0.5625}