{"id1":"Ficha03_041 (16).java","id2":"Ficha03_041 (4).java","similarities":{"AVG":0.8125,"MAX":0.896551724137931},"matches":[{"file1":"Ficha03_041 (16).java\\Ficha03_041 (16).java","file2":"Ficha03_041 (4).java\\Ficha03_041 (4).java","start1":1,"start1_col":1,"startToken1":0,"end1":15,"end1_col":46,"endToken1":16,"start2":1,"start2_col":1,"startToken2":0,"end2":15,"endToken2":31,"end2_col":16,"tokens":17},{"file1":"Ficha03_041 (16).java\\Ficha03_041 (16).java","file2":"Ficha03_041 (4).java\\Ficha03_041 (4).java","start1":16,"start1_col":9,"startToken1":18,"end1":21,"end1_col":-878,"endToken1":26,"start2":20,"start2_col":9,"startToken2":23,"end2":26,"endToken2":-1080,"end2_col":31,"tokens":9}],"first_similarity":0.896551724137931,"second_similarity":0.7428571428571429}