{"id1":"Ficha03_041 (9).java","id2":"Ficha03_041 (4).java","similarities":{"AVG":0.8529411764705882,"MAX":0.8787878787878788},"matches":[{"file1":"Ficha03_041 (9).java\\Ficha03_041 (9).java","file2":"Ficha03_041 (4).java\\Ficha03_041 (4).java","start1":1,"start1_col":1,"startToken1":0,"end1":16,"end1_col":46,"endToken1":16,"start2":1,"start2_col":1,"startToken2":0,"end2":15,"endToken2":31,"end2_col":16,"tokens":17},{"file1":"Ficha03_041 (9).java\\Ficha03_041 (9).java","file2":"Ficha03_041 (4).java\\Ficha03_041 (4).java","start1":17,"start1_col":23,"startToken1":19,"end1":26,"end1_col":-1078,"endToken1":30,"start2":17,"start2_col":24,"startToken2":20,"end2":26,"endToken2":-1080,"end2_col":31,"tokens":12}],"first_similarity":0.8787878787878788,"second_similarity":0.8285714285714286}