{"jplag_version":{"major":5,"minor":1,"patch":0},"submission_folder_path":[".\\data\\Ficha03_041"],"base_code_folder_path":"","language":"Javac based AST plugin","file_extensions":[".java",".JAVA"],"submission_id_to_display_name":{"Ficha03_041 (10).java":"Ficha03_041 (10).java","Ficha03_041 (4).java":"Ficha03_041 (4).java","Ficha03_041 (16).java":"Ficha03_041 (16).java","Ficha03_041 (11).java":"Ficha03_041 (11).java","Ficha03_041 (21).java":"Ficha03_041 (21).java","Ficha03_041 (9).java":"Ficha03_041 (9).java","Ficha03_041 (15).java":"Ficha03_041 (15).java","Ficha03_041 (18).java":"Ficha03_041 (18).java","Ficha03_041 (3).java":"Ficha03_041 (3).java","Ficha03_041 (14).java":"Ficha03_041 (14).java","Ficha03_041 (20).java":"Ficha03_041 (20).java","Ficha03_041 (8).java":"Ficha03_041 (8).java","Ficha03_041 (1).java":"Ficha03_041 (1).java","Ficha03_041 (7).java":"Ficha03_041 (7).java","Ficha03_041 (19).java":"Ficha03_041 (19).java","Ficha03_041 (13).java":"Ficha03_041 (13).java","Ficha03_041 (2).java":"Ficha03_041 (2).java","Ficha03_041 (5).java":"Ficha03_041 (5).java","Ficha03_041 (17).java":"Ficha03_041 (17).java","Ficha03_041 (22).java":"Ficha03_041 (22).java","Ficha03_041 (6).java":"Ficha03_041 (6).java","Ficha03_041 (12).java":"Ficha03_041 (12).java"},"submission_ids_to_comparison_file_name":{"Ficha03_041 (10).java":{"Ficha03_041 (4).java":"Ficha03_041 (10).java-Ficha03_041 (4).java.json","Ficha03_041 (16).java":"Ficha03_041 (16).java-Ficha03_041 (10).java.json","Ficha03_041 (9).java":"Ficha03_041 (10).java-Ficha03_041 (9).java.json","Ficha03_041 (21).java":"Ficha03_041 (10).java-Ficha03_041 (21).java.json","Ficha03_041 (11).java":"Ficha03_041 (10).java-Ficha03_041 (11).java.json","Ficha03_041 (18).java":"Ficha03_041 (10).java-Ficha03_041 (18).java.json","Ficha03_041 (15).java":"Ficha03_041 (15).java-Ficha03_041 (10).java.json","Ficha03_041 (3).java":"Ficha03_041 (10).java-Ficha03_041 (3).java.json","Ficha03_041 (14).java":"Ficha03_041 (10).java-Ficha03_041 (14).java.json","Ficha03_041 (20).java":"Ficha03_041 (10).java-Ficha03_041 (20).java.json","Ficha03_041 (8).java":"Ficha03_041 (10).java-Ficha03_041 (8).java.json","Ficha03_041 (1).java":"Ficha03_041 (1).java-Ficha03_041 (10).java.json","Ficha03_041 (19).java":"Ficha03_041 (10).java-Ficha03_041 (19).java.json","Ficha03_041 (13).java":"Ficha03_041 (10).java-Ficha03_041 (13).java.json","Ficha03_041 (7).java":"Ficha03_041 (10).java-Ficha03_041 (7).java.json","Ficha03_041 (2).java":"Ficha03_041 (2).java-Ficha03_041 (10).java.json","Ficha03_041 (5).java":"Ficha03_041 (5).java-Ficha03_041 (10).java.json","Ficha03_041 (17).java":"Ficha03_041 (10).java-Ficha03_041 (17).java.json","Ficha03_041 (22).java":"Ficha03_041 (10).java-Ficha03_041 (22).java.json","Ficha03_041 (6).java":"Ficha03_041 (10).java-Ficha03_041 (6).java.json","Ficha03_041 (12).java":"Ficha03_041 (10).java-Ficha03_041 (12).java.json"},"Ficha03_041 (4).java":{"Ficha03_041 (10).java":"Ficha03_041 (10).java-Ficha03_041 (4).java.json","Ficha03_041 (16).java":"Ficha03_041 (16).java-Ficha03_041 (4).java.json","Ficha03_041 (9).java":"Ficha03_041 (9).java-Ficha03_041 (4).java.json","Ficha03_041 (11).java":"Ficha03_041 (11).java-Ficha03_041 (4).java.json","Ficha03_041 (21).java":"Ficha03_041 (21).java-Ficha03_041 (4).java.json","Ficha03_041 (15).java":"Ficha03_041 (15).java-Ficha03_041 (4).java.json","Ficha03_041 (18).java":"Ficha03_041 (18).java-Ficha03_041 (4).java.json","Ficha03_041 (3).java":"Ficha03_041 (3).java-Ficha03_041 (4).java.json","Ficha03_041 (14).java":"Ficha03_041 (14).java-Ficha03_041 (4).java.json","Ficha03_041 (20).java":"Ficha03_041 (20).java-Ficha03_041 (4).java.json","Ficha03_041 (8).java":"Ficha03_041 (8).java-Ficha03_041 (4).java.json","Ficha03_041 (7).java":"Ficha03_041 (7).java-Ficha03_041 (4).java.json","Ficha03_041 (1).java":"Ficha03_041 (1).java-Ficha03_041 (4).java.json","Ficha03_041 (19).java":"Ficha03_041 (19).java-Ficha03_041 (4).java.json","Ficha03_041 (13).java":"Ficha03_041 (13).java-Ficha03_041 (4).java.json","Ficha03_041 (5).java":"Ficha03_041 (5).java-Ficha03_041 (4).java.json","Ficha03_041 (2).java":"Ficha03_041 (2).java-Ficha03_041 (4).java.json","Ficha03_041 (17).java":"Ficha03_041 (17).java-Ficha03_041 (4).java.json","Ficha03_041 (22).java":"Ficha03_041 (22).java-Ficha03_041 (4).java.json","Ficha03_041 (6).java":"Ficha03_041 (6).java-Ficha03_041 (4).java.json","Ficha03_041 (12).java":"Ficha03_041 (12).java-Ficha03_041 (4).java.json"},"Ficha03_041 (16).java":{"Ficha03_041 (10).java":"Ficha03_041 (16).java-Ficha03_041 (10).java.json","Ficha03_041 (4).java":"Ficha03_041 (16).java-Ficha03_041 (4).java.json","Ficha03_041 (9).java":"Ficha03_041 (16).java-Ficha03_041 (9).java.json","Ficha03_041 (21).java":"Ficha03_041 (16).java-Ficha03_041 (21).java.json","Ficha03_041 (11).java":"Ficha03_041 (16).java-Ficha03_041 (11).java.json","Ficha03_041 (15).java":"Ficha03_041 (16).java-Ficha03_041 (15).java.json","Ficha03_041 (18).java":"Ficha03_041 (16).java-Ficha03_041 (18).java.json","Ficha03_041 (3).java":"Ficha03_041 (16).java-Ficha03_041 (3).java.json","Ficha03_041 (14).java":"Ficha03_041 (16).java-Ficha03_041 (14).java.json","Ficha03_041 (20).java":"Ficha03_041 (16).java-Ficha03_041 (20).java.json","Ficha03_041 (8).java":"Ficha03_041 (16).java-Ficha03_041 (8).java.json","Ficha03_041 (7).java":"Ficha03_041 (16).java-Ficha03_041 (7).java.json","Ficha03_041 (1).java":"Ficha03_041 (16).java-Ficha03_041 (1).java.json","Ficha03_041 (19).java":"Ficha03_041 (16).java-Ficha03_041 (19).java.json","Ficha03_041 (13).java":"Ficha03_041 (16).java-Ficha03_041 (13).java.json","Ficha03_041 (5).java":"Ficha03_041 (16).java-Ficha03_041 (5).java.json","Ficha03_041 (2).java":"Ficha03_041 (16).java-Ficha03_041 (2).java.json","Ficha03_041 (17).java":"Ficha03_041 (16).java-Ficha03_041 (17).java.json","Ficha03_041 (22).java":"Ficha03_041 (16).java-Ficha03_041 (22).java.json","Ficha03_041 (6).java":"Ficha03_041 (16).java-Ficha03_041 (6).java.json","Ficha03_041 (12).java":"Ficha03_041 (16).java-Ficha03_041 (12).java.json"},"Ficha03_041 (11).java":{"Ficha03_041 (10).java":"Ficha03_041 (10).java-Ficha03_041 (11).java.json","Ficha03_041 (4).java":"Ficha03_041 (11).java-Ficha03_041 (4).java.json","Ficha03_041 (16).java":"Ficha03_041 (16).java-Ficha03_041 (11).java.json","Ficha03_041 (9).java":"Ficha03_041 (11).java-Ficha03_041 (9).java.json","Ficha03_041 (21).java":"Ficha03_041 (11).java-Ficha03_041 (21).java.json","Ficha03_041 (15).java":"Ficha03_041 (15).java-Ficha03_041 (11).java.json","Ficha03_041 (18).java":"Ficha03_041 (11).java-Ficha03_041 (18).java.json","Ficha03_041 (3).java":"Ficha03_041 (11).java-Ficha03_041 (3).java.json","Ficha03_041 (14).java":"Ficha03_041 (11).java-Ficha03_041 (14).java.json","Ficha03_041 (20).java":"Ficha03_041 (11).java-Ficha03_041 (20).java.json","Ficha03_041 (8).java":"Ficha03_041 (11).java-Ficha03_041 (8).java.json","Ficha03_041 (7).java":"Ficha03_041 (11).java-Ficha03_041 (7).java.json","Ficha03_041 (1).java":"Ficha03_041 (1).java-Ficha03_041 (11).java.json","Ficha03_041 (19).java":"Ficha03_041 (11).java-Ficha03_041 (19).java.json","Ficha03_041 (13).java":"Ficha03_041 (11).java-Ficha03_041 (13).java.json","Ficha03_041 (5).java":"Ficha03_041 (5).java-Ficha03_041 (11).java.json","Ficha03_041 (2).java":"Ficha03_041 (2).java-Ficha03_041 (11).java.json","Ficha03_041 (17).java":"Ficha03_041 (11).java-Ficha03_041 (17).java.json","Ficha03_041 (22).java":"Ficha03_041 (11).java-Ficha03_041 (22).java.json","Ficha03_041 (6).java":"Ficha03_041 (11).java-Ficha03_041 (6).java.json","Ficha03_041 (12).java":"Ficha03_041 (11).java-Ficha03_041 (12).java.json"},"Ficha03_041 (21).java":{"Ficha03_041 (10).java":"Ficha03_041 (10).java-Ficha03_041 (21).java.json","Ficha03_041 (16).java":"Ficha03_041 (16).java-Ficha03_041 (21).java.json","Ficha03_041 (4).java":"Ficha03_041 (21).java-Ficha03_041 (4).java.json","Ficha03_041 (9).java":"Ficha03_041 (21).java-Ficha03_041 (9).java.json","Ficha03_041 (11).java":"Ficha03_041 (11).java-Ficha03_041 (21).java.json","Ficha03_041 (18).java":"Ficha03_041 (18).java-Ficha03_041 (21).java.json","Ficha03_041 (15).java":"Ficha03_041 (15).java-Ficha03_041 (21).java.json","Ficha03_041 (3).java":"Ficha03_041 (21).java-Ficha03_041 (3).java.json","Ficha03_041 (14).java":"Ficha03_041 (14).java-Ficha03_041 (21).java.json","Ficha03_041 (20).java":"Ficha03_041 (20).java-Ficha03_041 (21).java.json","Ficha03_041 (8).java":"Ficha03_041 (21).java-Ficha03_041 (8).java.json","Ficha03_041 (1).java":"Ficha03_041 (1).java-Ficha03_041 (21).java.json","Ficha03_041 (19).java":"Ficha03_041 (19).java-Ficha03_041 (21).java.json","Ficha03_041 (13).java":"Ficha03_041 (13).java-Ficha03_041 (21).java.json","Ficha03_041 (7).java":"Ficha03_041 (21).java-Ficha03_041 (7).java.json","Ficha03_041 (2).java":"Ficha03_041 (2).java-Ficha03_041 (21).java.json","Ficha03_041 (5).java":"Ficha03_041 (5).java-Ficha03_041 (21).java.json","Ficha03_041 (17).java":"Ficha03_041 (17).java-Ficha03_041 (21).java.json","Ficha03_041 (22).java":"Ficha03_041 (21).java-Ficha03_041 (22).java.json","Ficha03_041 (6).java":"Ficha03_041 (21).java-Ficha03_041 (6).java.json","Ficha03_041 (12).java":"Ficha03_041 (12).java-Ficha03_041 (21).java.json"},"Ficha03_041 (9).java":{"Ficha03_041 (10).java":"Ficha03_041 (10).java-Ficha03_041 (9).java.json","Ficha03_041 (4).java":"Ficha03_041 (9).java-Ficha03_041 (4).java.json","Ficha03_041 (16).java":"Ficha03_041 (16).java-Ficha03_041 (9).java.json","Ficha03_041 (11).java":"Ficha03_041 (11).java-Ficha03_041 (9).java.json","Ficha03_041 (21).java":"Ficha03_041 (21).java-Ficha03_041 (9).java.json","Ficha03_041 (15).java":"Ficha03_041 (15).java-Ficha03_041 (9).java.json","Ficha03_041 (18).java":"Ficha03_041 (18).java-Ficha03_041 (9).java.json","Ficha03_041 (3).java":"Ficha03_041 (3).java-Ficha03_041 (9).java.json","Ficha03_041 (14).java":"Ficha03_041 (14).java-Ficha03_041 (9).java.json","Ficha03_041 (20).java":"Ficha03_041 (20).java-Ficha03_041 (9).java.json","Ficha03_041 (8).java":"Ficha03_041 (8).java-Ficha03_041 (9).java.json","Ficha03_041 (7).java":"Ficha03_041 (7).java-Ficha03_041 (9).java.json","Ficha03_041 (1).java":"Ficha03_041 (1).java-Ficha03_041 (9).java.json","Ficha03_041 (19).java":"Ficha03_041 (19).java-Ficha03_041 (9).java.json","Ficha03_041 (13).java":"Ficha03_041 (13).java-Ficha03_041 (9).java.json","Ficha03_041 (5).java":"Ficha03_041 (5).java-Ficha03_041 (9).java.json","Ficha03_041 (2).java":"Ficha03_041 (2).java-Ficha03_041 (9).java.json","Ficha03_041 (17).java":"Ficha03_041 (17).java-Ficha03_041 (9).java.json","Ficha03_041 (22).java":"Ficha03_041 (22).java-Ficha03_041 (9).java.json","Ficha03_041 (6).java":"Ficha03_041 (6).java-Ficha03_041 (9).java.json","Ficha03_041 (12).java":"Ficha03_041 (12).java-Ficha03_041 (9).java.json"},"Ficha03_041 (18).java":{"Ficha03_041 (10).java":"Ficha03_041 (10).java-Ficha03_041 (18).java.json","Ficha03_041 (16).java":"Ficha03_041 (16).java-Ficha03_041 (18).java.json","Ficha03_041 (4).java":"Ficha03_041 (18).java-Ficha03_041 (4).java.json","Ficha03_041 (21).java":"Ficha03_041 (18).java-Ficha03_041 (21).java.json","Ficha03_041 (9).java":"Ficha03_041 (18).java-Ficha03_041 (9).java.json","Ficha03_041 (11).java":"Ficha03_041 (11).java-Ficha03_041 (18).java.json","Ficha03_041 (15).java":"Ficha03_041 (15).java-Ficha03_041 (18).java.json","Ficha03_041 (3).java":"Ficha03_041 (18).java-Ficha03_041 (3).java.json","Ficha03_041 (14).java":"Ficha03_041 (14).java-Ficha03_041 (18).java.json","Ficha03_041 (20).java":"Ficha03_041 (18).java-Ficha03_041 (20).java.json","Ficha03_041 (8).java":"Ficha03_041 (18).java-Ficha03_041 (8).java.json","Ficha03_041 (1).java":"Ficha03_041 (1).java-Ficha03_041 (18).java.json","Ficha03_041 (19).java":"Ficha03_041 (18).java-Ficha03_041 (19).java.json","Ficha03_041 (13).java":"Ficha03_041 (13).java-Ficha03_041 (18).java.json","Ficha03_041 (7).java":"Ficha03_041 (18).java-Ficha03_041 (7).java.json","Ficha03_041 (2).java":"Ficha03_041 (2).java-Ficha03_041 (18).java.json","Ficha03_041 (5).java":"Ficha03_041 (5).java-Ficha03_041 (18).java.json","Ficha03_041 (17).java":"Ficha03_041 (17).java-Ficha03_041 (18).java.json","Ficha03_041 (22).java":"Ficha03_041 (18).java-Ficha03_041 (22).java.json","Ficha03_041 (6).java":"Ficha03_041 (18).java-Ficha03_041 (6).java.json","Ficha03_041 (12).java":"Ficha03_041 (12).java-Ficha03_041 (18).java.json"},"Ficha03_041 (15).java":{"Ficha03_041 (10).java":"Ficha03_041 (15).java-Ficha03_041 (10).java.json","Ficha03_041 (16).java":"Ficha03_041 (16).java-Ficha03_041 (15).java.json","Ficha03_041 (4).java":"Ficha03_041 (15).java-Ficha03_041 (4).java.json","Ficha03_041 (9).java":"Ficha03_041 (15).java-Ficha03_041 (9).java.json","Ficha03_041 (21).java":"Ficha03_041 (15).java-Ficha03_041 (21).java.json","Ficha03_041 (11).java":"Ficha03_041 (15).java-Ficha03_041 (11).java.json","Ficha03_041 (18).java":"Ficha03_041 (15).java-Ficha03_041 (18).java.json","Ficha03_041 (3).java":"Ficha03_041 (15).java-Ficha03_041 (3).java.json","Ficha03_041 (14).java":"Ficha03_041 (15).java-Ficha03_041 (14).java.json","Ficha03_041 (20).java":"Ficha03_041 (15).java-Ficha03_041 (20).java.json","Ficha03_041 (8).java":"Ficha03_041 (15).java-Ficha03_041 (8).java.json","Ficha03_041 (7).java":"Ficha03_041 (15).java-Ficha03_041 (7).java.json","Ficha03_041 (1).java":"Ficha03_041 (15).java-Ficha03_041 (1).java.json","Ficha03_041 (19).java":"Ficha03_041 (15).java-Ficha03_041 (19).java.json","Ficha03_041 (13).java":"Ficha03_041 (15).java-Ficha03_041 (13).java.json","Ficha03_041 (5).java":"Ficha03_041 (15).java-Ficha03_041 (5).java.json","Ficha03_041 (2).java":"Ficha03_041 (15).java-Ficha03_041 (2).java.json","Ficha03_041 (17).java":"Ficha03_041 (15).java-Ficha03_041 (17).java.json","Ficha03_041 (22).java":"Ficha03_041 (15).java-Ficha03_041 (22).java.json","Ficha03_041 (6).java":"Ficha03_041 (15).java-Ficha03_041 (6).java.json","Ficha03_041 (12).java":"Ficha03_041 (15).java-Ficha03_041 (12).java.json"},"Ficha03_041 (3).java":{"Ficha03_041 (10).java":"Ficha03_041 (10).java-Ficha03_041 (3).java.json","Ficha03_041 (4).java":"Ficha03_041 (3).java-Ficha03_041 (4).java.json","Ficha03_041 (16).java":"Ficha03_041 (16).java-Ficha03_041 (3).java.json","Ficha03_041 (11).java":"Ficha03_041 (11).java-Ficha03_041 (3).java.json","Ficha03_041 (9).java":"Ficha03_041 (3).java-Ficha03_041 (9).java.json","Ficha03_041 (21).java":"Ficha03_041 (21).java-Ficha03_041 (3).java.json","Ficha03_041 (15).java":"Ficha03_041 (15).java-Ficha03_041 (3).java.json","Ficha03_041 (18).java":"Ficha03_041 (18).java-Ficha03_041 (3).java.json","Ficha03_041 (14).java":"Ficha03_041 (14).java-Ficha03_041 (3).java.json","Ficha03_041 (20).java":"Ficha03_041 (20).java-Ficha03_041 (3).java.json","Ficha03_041 (8).java":"Ficha03_041 (3).java-Ficha03_041 (8).java.json","Ficha03_041 (7).java":"Ficha03_041 (3).java-Ficha03_041 (7).java.json","Ficha03_041 (1).java":"Ficha03_041 (1).java-Ficha03_041 (3).java.json","Ficha03_041 (19).java":"Ficha03_041 (19).java-Ficha03_041 (3).java.json","Ficha03_041 (13).java":"Ficha03_041 (13).java-Ficha03_041 (3).java.json","Ficha03_041 (5).java":"Ficha03_041 (5).java-Ficha03_041 (3).java.json","Ficha03_041 (2).java":"Ficha03_041 (2).java-Ficha03_041 (3).java.json","Ficha03_041 (17).java":"Ficha03_041 (17).java-Ficha03_041 (3).java.json","Ficha03_041 (22).java":"Ficha03_041 (22).java-Ficha03_041 (3).java.json","Ficha03_041 (6).java":"Ficha03_041 (3).java-Ficha03_041 (6).java.json","Ficha03_041 (12).java":"Ficha03_041 (12).java-Ficha03_041 (3).java.json"},"Ficha03_041 (14).java":{"Ficha03_041 (10).java":"Ficha03_041 (10).java-Ficha03_041 (14).java.json","Ficha03_041 (4).java":"Ficha03_041 (14).java-Ficha03_041 (4).java.json","Ficha03_041 (16).java":"Ficha03_041 (16).java-Ficha03_041 (14).java.json","Ficha03_041 (9).java":"Ficha03_041 (14).java-Ficha03_041 (9).java.json","Ficha03_041 (21).java":"Ficha03_041 (14).java-Ficha03_041 (21).java.json","Ficha03_041 (11).java":"Ficha03_041 (11).java-Ficha03_041 (14).java.json","Ficha03_041 (18).java":"Ficha03_041 (14).java-Ficha03_041 (18).java.json","Ficha03_041 (15).java":"Ficha03_041 (15).java-Ficha03_041 (14).java.json","Ficha03_041 (3).java":"Ficha03_041 (14).java-Ficha03_041 (3).java.json","Ficha03_041 (20).java":"Ficha03_041 (14).java-Ficha03_041 (20).java.json","Ficha03_041 (8).java":"Ficha03_041 (14).java-Ficha03_041 (8).java.json","Ficha03_041 (1).java":"Ficha03_041 (1).java-Ficha03_041 (14).java.json","Ficha03_041 (19).java":"Ficha03_041 (14).java-Ficha03_041 (19).java.json","Ficha03_041 (13).java":"Ficha03_041 (13).java-Ficha03_041 (14).java.json","Ficha03_041 (7).java":"Ficha03_041 (14).java-Ficha03_041 (7).java.json","Ficha03_041 (2).java":"Ficha03_041 (2).java-Ficha03_041 (14).java.json","Ficha03_041 (5).java":"Ficha03_041 (5).java-Ficha03_041 (14).java.json","Ficha03_041 (17).java":"Ficha03_041 (14).java-Ficha03_041 (17).java.json","Ficha03_041 (22).java":"Ficha03_041 (14).java-Ficha03_041 (22).java.json","Ficha03_041 (6).java":"Ficha03_041 (14).java-Ficha03_041 (6).java.json","Ficha03_041 (12).java":"Ficha03_041 (12).java-Ficha03_041 (14).java.json"},"Ficha03_041 (20).java":{"Ficha03_041 (10).java":"Ficha03_041 (10).java-Ficha03_041 (20).java.json","Ficha03_041 (16).java":"Ficha03_041 (16).java-Ficha03_041 (20).java.json","Ficha03_041 (4).java":"Ficha03_041 (20).java-Ficha03_041 (4).java.json","Ficha03_041 (21).java":"Ficha03_041 (20).java-Ficha03_041 (21).java.json","Ficha03_041 (9).java":"Ficha03_041 (20).java-Ficha03_041 (9).java.json","Ficha03_041 (11).java":"Ficha03_041 (11).java-Ficha03_041 (20).java.json","Ficha03_041 (18).java":"Ficha03_041 (18).java-Ficha03_041 (20).java.json","Ficha03_041 (15).java":"Ficha03_041 (15).java-Ficha03_041 (20).java.json","Ficha03_041 (3).java":"Ficha03_041 (20).java-Ficha03_041 (3).java.json","Ficha03_041 (14).java":"Ficha03_041 (14).java-Ficha03_041 (20).java.json","Ficha03_041 (8).java":"Ficha03_041 (20).java-Ficha03_041 (8).java.json","Ficha03_041 (1).java":"Ficha03_041 (1).java-Ficha03_041 (20).java.json","Ficha03_041 (19).java":"Ficha03_041 (19).java-Ficha03_041 (20).java.json","Ficha03_041 (13).java":"Ficha03_041 (13).java-Ficha03_041 (20).java.json","Ficha03_041 (7).java":"Ficha03_041 (20).java-Ficha03_041 (7).java.json","Ficha03_041 (2).java":"Ficha03_041 (2).java-Ficha03_041 (20).java.json","Ficha03_041 (5).java":"Ficha03_041 (5).java-Ficha03_041 (20).java.json","Ficha03_041 (17).java":"Ficha03_041 (17).java-Ficha03_041 (20).java.json","Ficha03_041 (22).java":"Ficha03_041 (20).java-Ficha03_041 (22).java.json","Ficha03_041 (6).java":"Ficha03_041 (20).java-Ficha03_041 (6).java.json","Ficha03_041 (12).java":"Ficha03_041 (12).java-Ficha03_041 (20).java.json"},"Ficha03_041 (8).java":{"Ficha03_041 (10).java":"Ficha03_041 (10).java-Ficha03_041 (8).java.json","Ficha03_041 (16).java":"Ficha03_041 (16).java-Ficha03_041 (8).java.json","Ficha03_041 (4).java":"Ficha03_041 (8).java-Ficha03_041 (4).java.json","Ficha03_041 (21).java":"Ficha03_041 (21).java-Ficha03_041 (8).java.json","Ficha03_041 (9).java":"Ficha03_041 (8).java-Ficha03_041 (9).java.json","Ficha03_041 (11).java":"Ficha03_041 (11).java-Ficha03_041 (8).java.json","Ficha03_041 (18).java":"Ficha03_041 (18).java-Ficha03_041 (8).java.json","Ficha03_041 (15).java":"Ficha03_041 (15).java-Ficha03_041 (8).java.json","Ficha03_041 (3).java":"Ficha03_041 (3).java-Ficha03_041 (8).java.json","Ficha03_041 (14).java":"Ficha03_041 (14).java-Ficha03_041 (8).java.json","Ficha03_041 (20).java":"Ficha03_041 (20).java-Ficha03_041 (8).java.json","Ficha03_041 (1).java":"Ficha03_041 (1).java-Ficha03_041 (8).java.json","Ficha03_041 (19).java":"Ficha03_041 (19).java-Ficha03_041 (8).java.json","Ficha03_041 (13).java":"Ficha03_041 (13).java-Ficha03_041 (8).java.json","Ficha03_041 (7).java":"Ficha03_041 (7).java-Ficha03_041 (8).java.json","Ficha03_041 (2).java":"Ficha03_041 (2).java-Ficha03_041 (8).java.json","Ficha03_041 (5).java":"Ficha03_041 (5).java-Ficha03_041 (8).java.json","Ficha03_041 (17).java":"Ficha03_041 (17).java-Ficha03_041 (8).java.json","Ficha03_041 (22).java":"Ficha03_041 (22).java-Ficha03_041 (8).java.json","Ficha03_041 (6).java":"Ficha03_041 (6).java-Ficha03_041 (8).java.json","Ficha03_041 (12).java":"Ficha03_041 (12).java-Ficha03_041 (8).java.json"},"Ficha03_041 (1).java":{"Ficha03_041 (10).java":"Ficha03_041 (1).java-Ficha03_041 (10).java.json","Ficha03_041 (16).java":"Ficha03_041 (16).java-Ficha03_041 (1).java.json","Ficha03_041 (4).java":"Ficha03_041 (1).java-Ficha03_041 (4).java.json","Ficha03_041 (21).java":"Ficha03_041 (1).java-Ficha03_041 (21).java.json","Ficha03_041 (9).java":"Ficha03_041 (1).java-Ficha03_041 (9).java.json","Ficha03_041 (11).java":"Ficha03_041 (1).java-Ficha03_041 (11).java.json","Ficha03_041 (18).java":"Ficha03_041 (1).java-Ficha03_041 (18).java.json","Ficha03_041 (15).java":"Ficha03_041 (15).java-Ficha03_041 (1).java.json","Ficha03_041 (3).java":"Ficha03_041 (1).java-Ficha03_041 (3).java.json","Ficha03_041 (14).java":"Ficha03_041 (1).java-Ficha03_041 (14).java.json","Ficha03_041 (20).java":"Ficha03_041 (1).java-Ficha03_041 (20).java.json","Ficha03_041 (8).java":"Ficha03_041 (1).java-Ficha03_041 (8).java.json","Ficha03_041 (19).java":"Ficha03_041 (1).java-Ficha03_041 (19).java.json","Ficha03_041 (13).java":"Ficha03_041 (1).java-Ficha03_041 (13).java.json","Ficha03_041 (7).java":"Ficha03_041 (1).java-Ficha03_041 (7).java.json","Ficha03_041 (2).java":"Ficha03_041 (2).java-Ficha03_041 (1).java.json","Ficha03_041 (5).java":"Ficha03_041 (5).java-Ficha03_041 (1).java.json","Ficha03_041 (17).java":"Ficha03_041 (1).java-Ficha03_041 (17).java.json","Ficha03_041 (22).java":"Ficha03_041 (1).java-Ficha03_041 (22).java.json","Ficha03_041 (6).java":"Ficha03_041 (1).java-Ficha03_041 (6).java.json","Ficha03_041 (12).java":"Ficha03_041 (1).java-Ficha03_041 (12).java.json"},"Ficha03_041 (19).java":{"Ficha03_041 (10).java":"Ficha03_041 (10).java-Ficha03_041 (19).java.json","Ficha03_041 (16).java":"Ficha03_041 (16).java-Ficha03_041 (19).java.json","Ficha03_041 (4).java":"Ficha03_041 (19).java-Ficha03_041 (4).java.json","Ficha03_041 (21).java":"Ficha03_041 (19).java-Ficha03_041 (21).java.json","Ficha03_041 (9).java":"Ficha03_041 (19).java-Ficha03_041 (9).java.json","Ficha03_041 (11).java":"Ficha03_041 (11).java-Ficha03_041 (19).java.json","Ficha03_041 (18).java":"Ficha03_041 (18).java-Ficha03_041 (19).java.json","Ficha03_041 (15).java":"Ficha03_041 (15).java-Ficha03_041 (19).java.json","Ficha03_041 (3).java":"Ficha03_041 (19).java-Ficha03_041 (3).java.json","Ficha03_041 (14).java":"Ficha03_041 (14).java-Ficha03_041 (19).java.json","Ficha03_041 (20).java":"Ficha03_041 (19).java-Ficha03_041 (20).java.json","Ficha03_041 (8).java":"Ficha03_041 (19).java-Ficha03_041 (8).java.json","Ficha03_041 (1).java":"Ficha03_041 (1).java-Ficha03_041 (19).java.json","Ficha03_041 (13).java":"Ficha03_041 (13).java-Ficha03_041 (19).java.json","Ficha03_041 (7).java":"Ficha03_041 (19).java-Ficha03_041 (7).java.json","Ficha03_041 (2).java":"Ficha03_041 (2).java-Ficha03_041 (19).java.json","Ficha03_041 (5).java":"Ficha03_041 (5).java-Ficha03_041 (19).java.json","Ficha03_041 (17).java":"Ficha03_041 (17).java-Ficha03_041 (19).java.json","Ficha03_041 (22).java":"Ficha03_041 (19).java-Ficha03_041 (22).java.json","Ficha03_041 (6).java":"Ficha03_041 (19).java-Ficha03_041 (6).java.json","Ficha03_041 (12).java":"Ficha03_041 (12).java-Ficha03_041 (19).java.json"},"Ficha03_041 (13).java":{"Ficha03_041 (10).java":"Ficha03_041 (10).java-Ficha03_041 (13).java.json","Ficha03_041 (16).java":"Ficha03_041 (16).java-Ficha03_041 (13).java.json","Ficha03_041 (4).java":"Ficha03_041 (13).java-Ficha03_041 (4).java.json","Ficha03_041 (21).java":"Ficha03_041 (13).java-Ficha03_041 (21).java.json","Ficha03_041 (9).java":"Ficha03_041 (13).java-Ficha03_041 (9).java.json","Ficha03_041 (11).java":"Ficha03_041 (11).java-Ficha03_041 (13).java.json","Ficha03_041 (18).java":"Ficha03_041 (13).java-Ficha03_041 (18).java.json","Ficha03_041 (15).java":"Ficha03_041 (15).java-Ficha03_041 (13).java.json","Ficha03_041 (3).java":"Ficha03_041 (13).java-Ficha03_041 (3).java.json","Ficha03_041 (14).java":"Ficha03_041 (13).java-Ficha03_041 (14).java.json","Ficha03_041 (20).java":"Ficha03_041 (13).java-Ficha03_041 (20).java.json","Ficha03_041 (8).java":"Ficha03_041 (13).java-Ficha03_041 (8).java.json","Ficha03_041 (1).java":"Ficha03_041 (1).java-Ficha03_041 (13).java.json","Ficha03_041 (19).java":"Ficha03_041 (13).java-Ficha03_041 (19).java.json","Ficha03_041 (7).java":"Ficha03_041 (13).java-Ficha03_041 (7).java.json","Ficha03_041 (2).java":"Ficha03_041 (2).java-Ficha03_041 (13).java.json","Ficha03_041 (5).java":"Ficha03_041 (5).java-Ficha03_041 (13).java.json","Ficha03_041 (17).java":"Ficha03_041 (13).java-Ficha03_041 (17).java.json","Ficha03_041 (22).java":"Ficha03_041 (13).java-Ficha03_041 (22).java.json","Ficha03_041 (6).java":"Ficha03_041 (13).java-Ficha03_041 (6).java.json","Ficha03_041 (12).java":"Ficha03_041 (12).java-Ficha03_041 (13).java.json"},"Ficha03_041 (7).java":{"Ficha03_041 (10).java":"Ficha03_041 (10).java-Ficha03_041 (7).java.json","Ficha03_041 (16).java":"Ficha03_041 (16).java-Ficha03_041 (7).java.json","Ficha03_041 (4).java":"Ficha03_041 (7).java-Ficha03_041 (4).java.json","Ficha03_041 (9).java":"Ficha03_041 (7).java-Ficha03_041 (9).java.json","Ficha03_041 (11).java":"Ficha03_041 (11).java-Ficha03_041 (7).java.json","Ficha03_041 (21).java":"Ficha03_041 (21).java-Ficha03_041 (7).java.json","Ficha03_041 (15).java":"Ficha03_041 (15).java-Ficha03_041 (7).java.json","Ficha03_041 (18).java":"Ficha03_041 (18).java-Ficha03_041 (7).java.json","Ficha03_041 (3).java":"Ficha03_041 (3).java-Ficha03_041 (7).java.json","Ficha03_041 (14).java":"Ficha03_041 (14).java-Ficha03_041 (7).java.json","Ficha03_041 (20).java":"Ficha03_041 (20).java-Ficha03_041 (7).java.json","Ficha03_041 (8).java":"Ficha03_041 (7).java-Ficha03_041 (8).java.json","Ficha03_041 (1).java":"Ficha03_041 (1).java-Ficha03_041 (7).java.json","Ficha03_041 (19).java":"Ficha03_041 (19).java-Ficha03_041 (7).java.json","Ficha03_041 (13).java":"Ficha03_041 (13).java-Ficha03_041 (7).java.json","Ficha03_041 (2).java":"Ficha03_041 (2).java-Ficha03_041 (7).java.json","Ficha03_041 (5).java":"Ficha03_041 (5).java-Ficha03_041 (7).java.json","Ficha03_041 (17).java":"Ficha03_041 (17).java-Ficha03_041 (7).java.json","Ficha03_041 (22).java":"Ficha03_041 (22).java-Ficha03_041 (7).java.json","Ficha03_041 (6).java":"Ficha03_041 (6).java-Ficha03_041 (7).java.json","Ficha03_041 (12).java":"Ficha03_041 (12).java-Ficha03_041 (7).java.json"},"Ficha03_041 (2).java":{"Ficha03_041 (10).java":"Ficha03_041 (2).java-Ficha03_041 (10).java.json","Ficha03_041 (16).java":"Ficha03_041 (16).java-Ficha03_041 (2).java.json","Ficha03_041 (4).java":"Ficha03_041 (2).java-Ficha03_041 (4).java.json","Ficha03_041 (21).java":"Ficha03_041 (2).java-Ficha03_041 (21).java.json","Ficha03_041 (9).java":"Ficha03_041 (2).java-Ficha03_041 (9).java.json","Ficha03_041 (11).java":"Ficha03_041 (2).java-Ficha03_041 (11).java.json","Ficha03_041 (18).java":"Ficha03_041 (2).java-Ficha03_041 (18).java.json","Ficha03_041 (15).java":"Ficha03_041 (15).java-Ficha03_041 (2).java.json","Ficha03_041 (3).java":"Ficha03_041 (2).java-Ficha03_041 (3).java.json","Ficha03_041 (14).java":"Ficha03_041 (2).java-Ficha03_041 (14).java.json","Ficha03_041 (20).java":"Ficha03_041 (2).java-Ficha03_041 (20).java.json","Ficha03_041 (8).java":"Ficha03_041 (2).java-Ficha03_041 (8).java.json","Ficha03_041 (7).java":"Ficha03_041 (2).java-Ficha03_041 (7).java.json","Ficha03_041 (1).java":"Ficha03_041 (2).java-Ficha03_041 (1).java.json","Ficha03_041 (19).java":"Ficha03_041 (2).java-Ficha03_041 (19).java.json","Ficha03_041 (13).java":"Ficha03_041 (2).java-Ficha03_041 (13).java.json","Ficha03_041 (5).java":"Ficha03_041 (2).java-Ficha03_041 (5).java.json","Ficha03_041 (17).java":"Ficha03_041 (2).java-Ficha03_041 (17).java.json","Ficha03_041 (22).java":"Ficha03_041 (2).java-Ficha03_041 (22).java.json","Ficha03_041 (6).java":"Ficha03_041 (2).java-Ficha03_041 (6).java.json","Ficha03_041 (12).java":"Ficha03_041 (2).java-Ficha03_041 (12).java.json"},"Ficha03_041 (5).java":{"Ficha03_041 (10).java":"Ficha03_041 (5).java-Ficha03_041 (10).java.json","Ficha03_041 (16).java":"Ficha03_041 (16).java-Ficha03_041 (5).java.json","Ficha03_041 (4).java":"Ficha03_041 (5).java-Ficha03_041 (4).java.json","Ficha03_041 (9).java":"Ficha03_041 (5).java-Ficha03_041 (9).java.json","Ficha03_041 (21).java":"Ficha03_041 (5).java-Ficha03_041 (21).java.json","Ficha03_041 (11).java":"Ficha03_041 (5).java-Ficha03_041 (11).java.json","Ficha03_041 (15).java":"Ficha03_041 (15).java-Ficha03_041 (5).java.json","Ficha03_041 (18).java":"Ficha03_041 (5).java-Ficha03_041 (18).java.json","Ficha03_041 (3).java":"Ficha03_041 (5).java-Ficha03_041 (3).java.json","Ficha03_041 (14).java":"Ficha03_041 (5).java-Ficha03_041 (14).java.json","Ficha03_041 (20).java":"Ficha03_041 (5).java-Ficha03_041 (20).java.json","Ficha03_041 (8).java":"Ficha03_041 (5).java-Ficha03_041 (8).java.json","Ficha03_041 (7).java":"Ficha03_041 (5).java-Ficha03_041 (7).java.json","Ficha03_041 (1).java":"Ficha03_041 (5).java-Ficha03_041 (1).java.json","Ficha03_041 (19).java":"Ficha03_041 (5).java-Ficha03_041 (19).java.json","Ficha03_041 (13).java":"Ficha03_041 (5).java-Ficha03_041 (13).java.json","Ficha03_041 (2).java":"Ficha03_041 (2).java-Ficha03_041 (5).java.json","Ficha03_041 (17).java":"Ficha03_041 (5).java-Ficha03_041 (17).java.json","Ficha03_041 (22).java":"Ficha03_041 (5).java-Ficha03_041 (22).java.json","Ficha03_041 (6).java":"Ficha03_041 (5).java-Ficha03_041 (6).java.json","Ficha03_041 (12).java":"Ficha03_041 (5).java-Ficha03_041 (12).java.json"},"Ficha03_041 (17).java":{"Ficha03_041 (10).java":"Ficha03_041 (10).java-Ficha03_041 (17).java.json","Ficha03_041 (16).java":"Ficha03_041 (16).java-Ficha03_041 (17).java.json","Ficha03_041 (4).java":"Ficha03_041 (17).java-Ficha03_041 (4).java.json","Ficha03_041 (21).java":"Ficha03_041 (17).java-Ficha03_041 (21).java.json","Ficha03_041 (9).java":"Ficha03_041 (17).java-Ficha03_041 (9).java.json","Ficha03_041 (11).java":"Ficha03_041 (11).java-Ficha03_041 (17).java.json","Ficha03_041 (18).java":"Ficha03_041 (17).java-Ficha03_041 (18).java.json","Ficha03_041 (15).java":"Ficha03_041 (15).java-Ficha03_041 (17).java.json","Ficha03_041 (3).java":"Ficha03_041 (17).java-Ficha03_041 (3).java.json","Ficha03_041 (14).java":"Ficha03_041 (14).java-Ficha03_041 (17).java.json","Ficha03_041 (20).java":"Ficha03_041 (17).java-Ficha03_041 (20).java.json","Ficha03_041 (8).java":"Ficha03_041 (17).java-Ficha03_041 (8).java.json","Ficha03_041 (1).java":"Ficha03_041 (1).java-Ficha03_041 (17).java.json","Ficha03_041 (19).java":"Ficha03_041 (17).java-Ficha03_041 (19).java.json","Ficha03_041 (13).java":"Ficha03_041 (13).java-Ficha03_041 (17).java.json","Ficha03_041 (7).java":"Ficha03_041 (17).java-Ficha03_041 (7).java.json","Ficha03_041 (2).java":"Ficha03_041 (2).java-Ficha03_041 (17).java.json","Ficha03_041 (5).java":"Ficha03_041 (5).java-Ficha03_041 (17).java.json","Ficha03_041 (22).java":"Ficha03_041 (17).java-Ficha03_041 (22).java.json","Ficha03_041 (6).java":"Ficha03_041 (17).java-Ficha03_041 (6).java.json","Ficha03_041 (12).java":"Ficha03_041 (12).java-Ficha03_041 (17).java.json"},"Ficha03_041 (22).java":{"Ficha03_041 (10).java":"Ficha03_041 (10).java-Ficha03_041 (22).java.json","Ficha03_041 (16).java":"Ficha03_041 (16).java-Ficha03_041 (22).java.json","Ficha03_041 (4).java":"Ficha03_041 (22).java-Ficha03_041 (4).java.json","Ficha03_041 (21).java":"Ficha03_041 (21).java-Ficha03_041 (22).java.json","Ficha03_041 (9).java":"Ficha03_041 (22).java-Ficha03_041 (9).java.json","Ficha03_041 (11).java":"Ficha03_041 (11).java-Ficha03_041 (22).java.json","Ficha03_041 (18).java":"Ficha03_041 (18).java-Ficha03_041 (22).java.json","Ficha03_041 (15).java":"Ficha03_041 (15).java-Ficha03_041 (22).java.json","Ficha03_041 (3).java":"Ficha03_041 (22).java-Ficha03_041 (3).java.json","Ficha03_041 (14).java":"Ficha03_041 (14).java-Ficha03_041 (22).java.json","Ficha03_041 (20).java":"Ficha03_041 (20).java-Ficha03_041 (22).java.json","Ficha03_041 (8).java":"Ficha03_041 (22).java-Ficha03_041 (8).java.json","Ficha03_041 (1).java":"Ficha03_041 (1).java-Ficha03_041 (22).java.json","Ficha03_041 (19).java":"Ficha03_041 (19).java-Ficha03_041 (22).java.json","Ficha03_041 (13).java":"Ficha03_041 (13).java-Ficha03_041 (22).java.json","Ficha03_041 (7).java":"Ficha03_041 (22).java-Ficha03_041 (7).java.json","Ficha03_041 (2).java":"Ficha03_041 (2).java-Ficha03_041 (22).java.json","Ficha03_041 (5).java":"Ficha03_041 (5).java-Ficha03_041 (22).java.json","Ficha03_041 (17).java":"Ficha03_041 (17).java-Ficha03_041 (22).java.json","Ficha03_041 (6).java":"Ficha03_041 (22).java-Ficha03_041 (6).java.json","Ficha03_041 (12).java":"Ficha03_041 (12).java-Ficha03_041 (22).java.json"},"Ficha03_041 (6).java":{"Ficha03_041 (10).java":"Ficha03_041 (10).java-Ficha03_041 (6).java.json","Ficha03_041 (16).java":"Ficha03_041 (16).java-Ficha03_041 (6).java.json","Ficha03_041 (4).java":"Ficha03_041 (6).java-Ficha03_041 (4).java.json","Ficha03_041 (21).java":"Ficha03_041 (21).java-Ficha03_041 (6).java.json","Ficha03_041 (9).java":"Ficha03_041 (6).java-Ficha03_041 (9).java.json","Ficha03_041 (11).java":"Ficha03_041 (11).java-Ficha03_041 (6).java.json","Ficha03_041 (18).java":"Ficha03_041 (18).java-Ficha03_041 (6).java.json","Ficha03_041 (15).java":"Ficha03_041 (15).java-Ficha03_041 (6).java.json","Ficha03_041 (3).java":"Ficha03_041 (3).java-Ficha03_041 (6).java.json","Ficha03_041 (14).java":"Ficha03_041 (14).java-Ficha03_041 (6).java.json","Ficha03_041 (20).java":"Ficha03_041 (20).java-Ficha03_041 (6).java.json","Ficha03_041 (8).java":"Ficha03_041 (6).java-Ficha03_041 (8).java.json","Ficha03_041 (1).java":"Ficha03_041 (1).java-Ficha03_041 (6).java.json","Ficha03_041 (19).java":"Ficha03_041 (19).java-Ficha03_041 (6).java.json","Ficha03_041 (13).java":"Ficha03_041 (13).java-Ficha03_041 (6).java.json","Ficha03_041 (7).java":"Ficha03_041 (6).java-Ficha03_041 (7).java.json","Ficha03_041 (2).java":"Ficha03_041 (2).java-Ficha03_041 (6).java.json","Ficha03_041 (5).java":"Ficha03_041 (5).java-Ficha03_041 (6).java.json","Ficha03_041 (17).java":"Ficha03_041 (17).java-Ficha03_041 (6).java.json","Ficha03_041 (22).java":"Ficha03_041 (22).java-Ficha03_041 (6).java.json","Ficha03_041 (12).java":"Ficha03_041 (12).java-Ficha03_041 (6).java.json"},"Ficha03_041 (12).java":{"Ficha03_041 (10).java":"Ficha03_041 (10).java-Ficha03_041 (12).java.json","Ficha03_041 (16).java":"Ficha03_041 (16).java-Ficha03_041 (12).java.json","Ficha03_041 (4).java":"Ficha03_041 (12).java-Ficha03_041 (4).java.json","Ficha03_041 (21).java":"Ficha03_041 (12).java-Ficha03_041 (21).java.json","Ficha03_041 (9).java":"Ficha03_041 (12).java-Ficha03_041 (9).java.json","Ficha03_041 (11).java":"Ficha03_041 (11).java-Ficha03_041 (12).java.json","Ficha03_041 (18).java":"Ficha03_041 (12).java-Ficha03_041 (18).java.json","Ficha03_041 (15).java":"Ficha03_041 (15).java-Ficha03_041 (12).java.json","Ficha03_041 (3).java":"Ficha03_041 (12).java-Ficha03_041 (3).java.json","Ficha03_041 (14).java":"Ficha03_041 (12).java-Ficha03_041 (14).java.json","Ficha03_041 (20).java":"Ficha03_041 (12).java-Ficha03_041 (20).java.json","Ficha03_041 (8).java":"Ficha03_041 (12).java-Ficha03_041 (8).java.json","Ficha03_041 (1).java":"Ficha03_041 (1).java-Ficha03_041 (12).java.json","Ficha03_041 (19).java":"Ficha03_041 (12).java-Ficha03_041 (19).java.json","Ficha03_041 (13).java":"Ficha03_041 (12).java-Ficha03_041 (13).java.json","Ficha03_041 (7).java":"Ficha03_041 (12).java-Ficha03_041 (7).java.json","Ficha03_041 (2).java":"Ficha03_041 (2).java-Ficha03_041 (12).java.json","Ficha03_041 (5).java":"Ficha03_041 (5).java-Ficha03_041 (12).java.json","Ficha03_041 (17).java":"Ficha03_041 (12).java-Ficha03_041 (17).java.json","Ficha03_041 (22).java":"Ficha03_041 (12).java-Ficha03_041 (22).java.json","Ficha03_041 (6).java":"Ficha03_041 (12).java-Ficha03_041 (6).java.json"}},"failed_submission_names":[],"excluded_files":[],"match_sensitivity":9,"date_of_execution":"24/11/24","execution_time":65,"distributions":{"AVG":[57,0,0,0,0,0,0,0,0,0,0,0,0,0,1,0,0,0,1,3,0,0,3,0,0,0,1,0,22,1,0,0,3,0,1,0,2,0,1,0,4,0,0,2,2,14,4,15,26,15,12,0,11,0,0,0,0,0,0,0,0,0,0,0,2,0,0,0,0,0,6,22,0,0,0,0,0,0,0,0,0,0,0,0,0,0,0,0,0,0,0,0,0,0,0,0,0,0,0,0],"MAX":[57,0,0,0,0,0,0,0,0,0,1,0,1,0,0,0,1,0,4,1,0,0,0,0,0,0,2,1,22,0,0,3,0,2,0,0,0,1,0,0,4,0,0,21,14,0,31,0,0,35,0,0,0,0,0,0,0,0,0,0,0,0,0,2,0,0,0,0,2,4,0,22,0,0,0,0,0,0,0,0,0,0,0,0,0,0,0,0,0,0,0,0,0,0,0,0,0,0,0,0]},"top_comparisons":[{"first_submission":"Ficha03_041 (11).java","second_submission":"Ficha03_041 (3).java","similarities":{"AVG":1.0,"MAX":1.0}},{"first_submission":"Ficha03_041 (17).java","second_submission":"Ficha03_041 (20).java","similarities":{"AVG":1.0,"MAX":1.0}},{"first_submission":"Ficha03_041 (12).java","second_submission":"Ficha03_041 (17).java","similarities":{"AVG":1.0,"MAX":1.0}},{"first_submission":"Ficha03_041 (17).java","second_submission":"Ficha03_041 (8).java","similarities":{"AVG":1.0,"MAX":1.0}},{"first_submission":"Ficha03_041 (17).java","second_submission":"Ficha03_041 (22).java","similarities":{"AVG":1.0,"MAX":1.0}},{"first_submission":"Ficha03_041 (17).java","second_submission":"Ficha03_041 (21).java","similarities":{"AVG":1.0,"MAX":1.0}},{"first_submission":"Ficha03_041 (1).java","second_submission":"Ficha03_041 (17).java","similarities":{"AVG":1.0,"MAX":1.0}},{"first_submission":"Ficha03_041 (17).java","second_submission":"Ficha03_041 (19).java","similarities":{"AVG":1.0,"MAX":1.0}},{"first_submission":"Ficha03_041 (17).java","second_submission":"Ficha03_041 (6).java","similarities":{"AVG":1.0,"MAX":1.0}},{"first_submission":"Ficha03_041 (13).java","second_submission":"Ficha03_041 (17).java","similarities":{"AVG":1.0,"MAX":1.0}},{"first_submission":"Ficha03_041 (17).java","second_submission":"Ficha03_041 (18).java","similarities":{"AVG":1.0,"MAX":1.0}},{"first_submission":"Ficha03_041 (10).java","second_submission":"Ficha03_041 (14).java","similarities":{"AVG":1.0,"MAX":1.0}},{"first_submission":"Ficha03_041 (12).java","second_submission":"Ficha03_041 (20).java","similarities":{"AVG":1.0,"MAX":1.0}},{"first_submission":"Ficha03_041 (20).java","second_submission":"Ficha03_041 (8).java","similarities":{"AVG":1.0,"MAX":1.0}},{"first_submission":"Ficha03_041 (20).java","second_submission":"Ficha03_041 (22).java","similarities":{"AVG":1.0,"MAX":1.0}},{"first_submission":"Ficha03_041 (20).java","second_submission":"Ficha03_041 (21).java","similarities":{"AVG":1.0,"MAX":1.0}},{"first_submission":"Ficha03_041 (1).java","second_submission":"Ficha03_041 (20).java","similarities":{"AVG":1.0,"MAX":1.0}},{"first_submission":"Ficha03_041 (19).java","second_submission":"Ficha03_041 (20).java","similarities":{"AVG":1.0,"MAX":1.0}},{"first_submission":"Ficha03_041 (20).java","second_submission":"Ficha03_041 (6).java","similarities":{"AVG":1.0,"MAX":1.0}},{"first_submission":"Ficha03_041 (13).java","second_submission":"Ficha03_041 (20).java","similarities":{"AVG":1.0,"MAX":1.0}},{"first_submission":"Ficha03_041 (18).java","second_submission":"Ficha03_041 (20).java","similarities":{"AVG":1.0,"MAX":1.0}},{"first_submission":"Ficha03_041 (12).java","second_submission":"Ficha03_041 (8).java","similarities":{"AVG":1.0,"MAX":1.0}},{"first_submission":"Ficha03_041 (12).java","second_submission":"Ficha03_041 (22).java","similarities":{"AVG":1.0,"MAX":1.0}},{"first_submission":"Ficha03_041 (12).java","second_submission":"Ficha03_041 (21).java","similarities":{"AVG":1.0,"MAX":1.0}},{"first_submission":"Ficha03_041 (1).java","second_submission":"Ficha03_041 (12).java","similarities":{"AVG":1.0,"MAX":1.0}},{"first_submission":"Ficha03_041 (12).java","second_submission":"Ficha03_041 (19).java","similarities":{"AVG":1.0,"MAX":1.0}},{"first_submission":"Ficha03_041 (12).java","second_submission":"Ficha03_041 (6).java","similarities":{"AVG":1.0,"MAX":1.0}},{"first_submission":"Ficha03_041 (12).java","second_submission":"Ficha03_041 (13).java","similarities":{"AVG":1.0,"MAX":1.0}},{"first_submission":"Ficha03_041 (12).java","second_submission":"Ficha03_041 (18).java","similarities":{"AVG":1.0,"MAX":1.0}},{"first_submission":"Ficha03_041 (22).java","second_submission":"Ficha03_041 (8).java","similarities":{"AVG":1.0,"MAX":1.0}},{"first_submission":"Ficha03_041 (21).java","second_submission":"Ficha03_041 (8).java","similarities":{"AVG":1.0,"MAX":1.0}},{"first_submission":"Ficha03_041 (1).java","second_submission":"Ficha03_041 (8).java","similarities":{"AVG":1.0,"MAX":1.0}},{"first_submission":"Ficha03_041 (19).java","second_submission":"Ficha03_041 (8).java","similarities":{"AVG":1.0,"MAX":1.0}},{"first_submission":"Ficha03_041 (6).java","second_submission":"Ficha03_041 (8).java","similarities":{"AVG":1.0,"MAX":1.0}},{"first_submission":"Ficha03_041 (13).java","second_submission":"Ficha03_041 (8).java","similarities":{"AVG":1.0,"MAX":1.0}},{"first_submission":"Ficha03_041 (18).java","second_submission":"Ficha03_041 (8).java","similarities":{"AVG":1.0,"MAX":1.0}},{"first_submission":"Ficha03_041 (21).java","second_submission":"Ficha03_041 (22).java","similarities":{"AVG":1.0,"MAX":1.0}},{"first_submission":"Ficha03_041 (1).java","second_submission":"Ficha03_041 (22).java","similarities":{"AVG":1.0,"MAX":1.0}},{"first_submission":"Ficha03_041 (19).java","second_submission":"Ficha03_041 (22).java","similarities":{"AVG":1.0,"MAX":1.0}},{"first_submission":"Ficha03_041 (22).java","second_submission":"Ficha03_041 (6).java","similarities":{"AVG":1.0,"MAX":1.0}},{"first_submission":"Ficha03_041 (13).java","second_submission":"Ficha03_041 (22).java","similarities":{"AVG":1.0,"MAX":1.0}},{"first_submission":"Ficha03_041 (18).java","second_submission":"Ficha03_041 (22).java","similarities":{"AVG":1.0,"MAX":1.0}},{"first_submission":"Ficha03_041 (1).java","second_submission":"Ficha03_041 (21).java","similarities":{"AVG":1.0,"MAX":1.0}},{"first_submission":"Ficha03_041 (19).java","second_submission":"Ficha03_041 (21).java","similarities":{"AVG":1.0,"MAX":1.0}},{"first_submission":"Ficha03_041 (21).java","second_submission":"Ficha03_041 (6).java","similarities":{"AVG":1.0,"MAX":1.0}},{"first_submission":"Ficha03_041 (13).java","second_submission":"Ficha03_041 (21).java","similarities":{"AVG":1.0,"MAX":1.0}},{"first_submission":"Ficha03_041 (18).java","second_submission":"Ficha03_041 (21).java","similarities":{"AVG":1.0,"MAX":1.0}},{"first_submission":"Ficha03_041 (1).java","second_submission":"Ficha03_041 (19).java","similarities":{"AVG":1.0,"MAX":1.0}},{"first_submission":"Ficha03_041 (1).java","second_submission":"Ficha03_041 (6).java","similarities":{"AVG":1.0,"MAX":1.0}},{"first_submission":"Ficha03_041 (1).java","second_submission":"Ficha03_041 (13).java","similarities":{"AVG":1.0,"MAX":1.0}},{"first_submission":"Ficha03_041 (1).java","second_submission":"Ficha03_041 (18).java","similarities":{"AVG":1.0,"MAX":1.0}},{"first_submission":"Ficha03_041 (19).java","second_submission":"Ficha03_041 (6).java","similarities":{"AVG":1.0,"MAX":1.0}},{"first_submission":"Ficha03_041 (13).java","second_submission":"Ficha03_041 (19).java","similarities":{"AVG":1.0,"MAX":1.0}},{"first_submission":"Ficha03_041 (18).java","second_submission":"Ficha03_041 (19).java","similarities":{"AVG":1.0,"MAX":1.0}},{"first_submission":"Ficha03_041 (13).java","second_submission":"Ficha03_041 (6).java","similarities":{"AVG":1.0,"MAX":1.0}},{"first_submission":"Ficha03_041 (18).java","second_submission":"Ficha03_041 (6).java","similarities":{"AVG":1.0,"MAX":1.0}},{"first_submission":"Ficha03_041 (13).java","second_submission":"Ficha03_041 (18).java","similarities":{"AVG":1.0,"MAX":1.0}},{"first_submission":"Ficha03_041 (9).java","second_submission":"Ficha03_041 (4).java","similarities":{"AVG":0.8529411764705882,"MAX":0.8787878787878788}},{"first_submission":"Ficha03_041 (16).java","second_submission":"Ficha03_041 (4).java","similarities":{"AVG":0.8125,"MAX":0.896551724137931}},{"first_submission":"Ficha03_041 (2).java","second_submission":"Ficha03_041 (7).java","similarities":{"AVG":0.8064516129032258,"MAX":0.8333333333333334}},{"first_submission":"Ficha03_041 (10).java","second_submission":"Ficha03_041 (9).java","similarities":{"AVG":0.8,"MAX":0.8125}},{"first_submission":"Ficha03_041 (14).java","second_submission":"Ficha03_041 (9).java","similarities":{"AVG":0.8,"MAX":0.8125}},{"first_submission":"Ficha03_041 (10).java","second_submission":"Ficha03_041 (4).java","similarities":{"AVG":0.7761194029850746,"MAX":0.8125}},{"first_submission":"Ficha03_041 (14).java","second_submission":"Ficha03_041 (4).java","similarities":{"AVG":0.7761194029850746,"MAX":0.8125}},{"first_submission":"Ficha03_041 (15).java","second_submission":"Ficha03_041 (7).java","similarities":{"AVG":0.7741935483870968,"MAX":0.8}},{"first_submission":"Ficha03_041 (15).java","second_submission":"Ficha03_041 (5).java","similarities":{"AVG":0.7333333333333333,"MAX":0.7333333333333333}},{"first_submission":"Ficha03_041 (10).java","second_submission":"Ficha03_041 (17).java","similarities":{"AVG":0.71875,"MAX":0.71875}},{"first_submission":"Ficha03_041 (14).java","second_submission":"Ficha03_041 (17).java","similarities":{"AVG":0.71875,"MAX":0.71875}},{"first_submission":"Ficha03_041 (10).java","second_submission":"Ficha03_041 (20).java","similarities":{"AVG":0.71875,"MAX":0.71875}},{"first_submission":"Ficha03_041 (10).java","second_submission":"Ficha03_041 (12).java","similarities":{"AVG":0.71875,"MAX":0.71875}},{"first_submission":"Ficha03_041 (10).java","second_submission":"Ficha03_041 (8).java","similarities":{"AVG":0.71875,"MAX":0.71875}},{"first_submission":"Ficha03_041 (10).java","second_submission":"Ficha03_041 (22).java","similarities":{"AVG":0.71875,"MAX":0.71875}},{"first_submission":"Ficha03_041 (10).java","second_submission":"Ficha03_041 (21).java","similarities":{"AVG":0.71875,"MAX":0.71875}},{"first_submission":"Ficha03_041 (1).java","second_submission":"Ficha03_041 (10).java","similarities":{"AVG":0.71875,"MAX":0.71875}},{"first_submission":"Ficha03_041 (10).java","second_submission":"Ficha03_041 (19).java","similarities":{"AVG":0.71875,"MAX":0.71875}},{"first_submission":"Ficha03_041 (10).java","second_submission":"Ficha03_041 (6).java","similarities":{"AVG":0.71875,"MAX":0.71875}},{"first_submission":"Ficha03_041 (10).java","second_submission":"Ficha03_041 (13).java","similarities":{"AVG":0.71875,"MAX":0.71875}},{"first_submission":"Ficha03_041 (10).java","second_submission":"Ficha03_041 (18).java","similarities":{"AVG":0.71875,"MAX":0.71875}},{"first_submission":"Ficha03_041 (14).java","second_submission":"Ficha03_041 (20).java","similarities":{"AVG":0.71875,"MAX":0.71875}},{"first_submission":"Ficha03_041 (12).java","second_submission":"Ficha03_041 (14).java","similarities":{"AVG":0.71875,"MAX":0.71875}},{"first_submission":"Ficha03_041 (14).java","second_submission":"Ficha03_041 (8).java","similarities":{"AVG":0.71875,"MAX":0.71875}},{"first_submission":"Ficha03_041 (14).java","second_submission":"Ficha03_041 (22).java","similarities":{"AVG":0.71875,"MAX":0.71875}},{"first_submission":"Ficha03_041 (14).java","second_submission":"Ficha03_041 (21).java","similarities":{"AVG":0.71875,"MAX":0.71875}},{"first_submission":"Ficha03_041 (1).java","second_submission":"Ficha03_041 (14).java","similarities":{"AVG":0.71875,"MAX":0.71875}},{"first_submission":"Ficha03_041 (14).java","second_submission":"Ficha03_041 (19).java","similarities":{"AVG":0.71875,"MAX":0.71875}},{"first_submission":"Ficha03_041 (14).java","second_submission":"Ficha03_041 (6).java","similarities":{"AVG":0.71875,"MAX":0.71875}},{"first_submission":"Ficha03_041 (13).java","second_submission":"Ficha03_041 (14).java","similarities":{"AVG":0.71875,"MAX":0.71875}},{"first_submission":"Ficha03_041 (14).java","second_submission":"Ficha03_041 (18).java","similarities":{"AVG":0.71875,"MAX":0.71875}},{"first_submission":"Ficha03_041 (5).java","second_submission":"Ficha03_041 (7).java","similarities":{"AVG":0.7096774193548387,"MAX":0.7333333333333333}},{"first_submission":"Ficha03_041 (16).java","second_submission":"Ficha03_041 (15).java","similarities":{"AVG":0.6779661016949152,"MAX":0.6896551724137931}},{"first_submission":"Ficha03_041 (16).java","second_submission":"Ficha03_041 (5).java","similarities":{"AVG":0.6779661016949152,"MAX":0.6896551724137931}},{"first_submission":"Ficha03_041 (16).java","second_submission":"Ficha03_041 (9).java","similarities":{"AVG":0.6774193548387096,"MAX":0.7241379310344828}},{"first_submission":"Ficha03_041 (16).java","second_submission":"Ficha03_041 (7).java","similarities":{"AVG":0.6557377049180327,"MAX":0.6896551724137931}},{"first_submission":"Ficha03_041 (15).java","second_submission":"Ficha03_041 (9).java","similarities":{"AVG":0.6349206349206349,"MAX":0.6666666666666666}},{"first_submission":"Ficha03_041 (5).java","second_submission":"Ficha03_041 (9).java","similarities":{"AVG":0.6349206349206349,"MAX":0.6666666666666666}},{"first_submission":"Ficha03_041 (7).java","second_submission":"Ficha03_041 (9).java","similarities":{"AVG":0.6153846153846154,"MAX":0.625}},{"first_submission":"Ficha03_041 (10).java","second_submission":"Ficha03_041 (11).java","similarities":{"AVG":0.59375,"MAX":0.59375}},{"first_submission":"Ficha03_041 (11).java","second_submission":"Ficha03_041 (14).java","similarities":{"AVG":0.59375,"MAX":0.59375}},{"first_submission":"Ficha03_041 (10).java","second_submission":"Ficha03_041 (3).java","similarities":{"AVG":0.59375,"MAX":0.59375}},{"first_submission":"Ficha03_041 (14).java","second_submission":"Ficha03_041 (3).java","similarities":{"AVG":0.59375,"MAX":0.59375}},{"first_submission":"Ficha03_041 (11).java","second_submission":"Ficha03_041 (7).java","similarities":{"AVG":0.5625,"MAX":0.5625}},{"first_submission":"Ficha03_041 (3).java","second_submission":"Ficha03_041 (7).java","similarities":{"AVG":0.5625,"MAX":0.5625}},{"first_submission":"Ficha03_041 (11).java","second_submission":"Ficha03_041 (9).java","similarities":{"AVG":0.5538461538461539,"MAX":0.5625}},{"first_submission":"Ficha03_041 (3).java","second_submission":"Ficha03_041 (9).java","similarities":{"AVG":0.5538461538461539,"MAX":0.5625}},{"first_submission":"Ficha03_041 (2).java","second_submission":"Ficha03_041 (17).java","similarities":{"AVG":0.5483870967741935,"MAX":0.5666666666666667}},{"first_submission":"Ficha03_041 (2).java","second_submission":"Ficha03_041 (10).java","similarities":{"AVG":0.5483870967741935,"MAX":0.5666666666666667}},{"first_submission":"Ficha03_041 (2).java","second_submission":"Ficha03_041 (20).java","similarities":{"AVG":0.5483870967741935,"MAX":0.5666666666666667}},{"first_submission":"Ficha03_041 (2).java","second_submission":"Ficha03_041 (12).java","similarities":{"AVG":0.5483870967741935,"MAX":0.5666666666666667}},{"first_submission":"Ficha03_041 (2).java","second_submission":"Ficha03_041 (8).java","similarities":{"AVG":0.5483870967741935,"MAX":0.5666666666666667}},{"first_submission":"Ficha03_041 (2).java","second_submission":"Ficha03_041 (22).java","similarities":{"AVG":0.5483870967741935,"MAX":0.5666666666666667}},{"first_submission":"Ficha03_041 (2).java","second_submission":"Ficha03_041 (21).java","similarities":{"AVG":0.5483870967741935,"MAX":0.5666666666666667}},{"first_submission":"Ficha03_041 (2).java","second_submission":"Ficha03_041 (1).java","similarities":{"AVG":0.5483870967741935,"MAX":0.5666666666666667}},{"first_submission":"Ficha03_041 (2).java","second_submission":"Ficha03_041 (14).java","similarities":{"AVG":0.5483870967741935,"MAX":0.5666666666666667}},{"first_submission":"Ficha03_041 (2).java","second_submission":"Ficha03_041 (19).java","similarities":{"AVG":0.5483870967741935,"MAX":0.5666666666666667}},{"first_submission":"Ficha03_041 (2).java","second_submission":"Ficha03_041 (6).java","similarities":{"AVG":0.5483870967741935,"MAX":0.5666666666666667}},{"first_submission":"Ficha03_041 (2).java","second_submission":"Ficha03_041 (13).java","similarities":{"AVG":0.5483870967741935,"MAX":0.5666666666666667}},{"first_submission":"Ficha03_041 (2).java","second_submission":"Ficha03_041 (18).java","similarities":{"AVG":0.5483870967741935,"MAX":0.5666666666666667}},{"first_submission":"Ficha03_041 (16).java","second_submission":"Ficha03_041 (2).java","similarities":{"AVG":0.5423728813559322,"MAX":0.5517241379310345}},{"first_submission":"Ficha03_041 (11).java","second_submission":"Ficha03_041 (4).java","similarities":{"AVG":0.5373134328358209,"MAX":0.5625}},{"first_submission":"Ficha03_041 (3).java","second_submission":"Ficha03_041 (4).java","similarities":{"AVG":0.5373134328358209,"MAX":0.5625}},{"first_submission":"Ficha03_041 (15).java","second_submission":"Ficha03_041 (2).java","similarities":{"AVG":0.5333333333333333,"MAX":0.5333333333333333}},{"first_submission":"Ficha03_041 (2).java","second_submission":"Ficha03_041 (5).java","similarities":{"AVG":0.5333333333333333,"MAX":0.5333333333333333}},{"first_submission":"Ficha03_041 (16).java","second_submission":"Ficha03_041 (17).java","similarities":{"AVG":0.5245901639344263,"MAX":0.5517241379310345}},{"first_submission":"Ficha03_041 (16).java","second_submission":"Ficha03_041 (10).java","similarities":{"AVG":0.5245901639344263,"MAX":0.5517241379310345}},{"first_submission":"Ficha03_041 (16).java","second_submission":"Ficha03_041 (20).java","similarities":{"AVG":0.5245901639344263,"MAX":0.5517241379310345}},{"first_submission":"Ficha03_041 (16).java","second_submission":"Ficha03_041 (12).java","similarities":{"AVG":0.5245901639344263,"MAX":0.5517241379310345}},{"first_submission":"Ficha03_041 (16).java","second_submission":"Ficha03_041 (8).java","similarities":{"AVG":0.5245901639344263,"MAX":0.5517241379310345}},{"first_submission":"Ficha03_041 (16).java","second_submission":"Ficha03_041 (22).java","similarities":{"AVG":0.5245901639344263,"MAX":0.5517241379310345}},{"first_submission":"Ficha03_041 (16).java","second_submission":"Ficha03_041 (21).java","similarities":{"AVG":0.5245901639344263,"MAX":0.5517241379310345}},{"first_submission":"Ficha03_041 (16).java","second_submission":"Ficha03_041 (1).java","similarities":{"AVG":0.5245901639344263,"MAX":0.5517241379310345}},{"first_submission":"Ficha03_041 (16).java","second_submission":"Ficha03_041 (14).java","similarities":{"AVG":0.5245901639344263,"MAX":0.5517241379310345}},{"first_submission":"Ficha03_041 (16).java","second_submission":"Ficha03_041 (19).java","similarities":{"AVG":0.5245901639344263,"MAX":0.5517241379310345}},{"first_submission":"Ficha03_041 (16).java","second_submission":"Ficha03_041 (6).java","similarities":{"AVG":0.5245901639344263,"MAX":0.5517241379310345}},{"first_submission":"Ficha03_041 (16).java","second_submission":"Ficha03_041 (13).java","similarities":{"AVG":0.5245901639344263,"MAX":0.5517241379310345}},{"first_submission":"Ficha03_041 (16).java","second_submission":"Ficha03_041 (18).java","similarities":{"AVG":0.5245901639344263,"MAX":0.5517241379310345}},{"first_submission":"Ficha03_041 (15).java","second_submission":"Ficha03_041 (4).java","similarities":{"AVG":0.5230769230769231,"MAX":0.5666666666666667}},{"first_submission":"Ficha03_041 (5).java","second_submission":"Ficha03_041 (4).java","similarities":{"AVG":0.5230769230769231,"MAX":0.5666666666666667}},{"first_submission":"Ficha03_041 (15).java","second_submission":"Ficha03_041 (17).java","similarities":{"AVG":0.5161290322580645,"MAX":0.5333333333333333}},{"first_submission":"Ficha03_041 (5).java","second_submission":"Ficha03_041 (17).java","similarities":{"AVG":0.5161290322580645,"MAX":0.5333333333333333}},{"first_submission":"Ficha03_041 (15).java","second_submission":"Ficha03_041 (10).java","similarities":{"AVG":0.5161290322580645,"MAX":0.5333333333333333}},{"first_submission":"Ficha03_041 (5).java","second_submission":"Ficha03_041 (10).java","similarities":{"AVG":0.5161290322580645,"MAX":0.5333333333333333}},{"first_submission":"Ficha03_041 (15).java","second_submission":"Ficha03_041 (20).java","similarities":{"AVG":0.5161290322580645,"MAX":0.5333333333333333}},{"first_submission":"Ficha03_041 (5).java","second_submission":"Ficha03_041 (20).java","similarities":{"AVG":0.5161290322580645,"MAX":0.5333333333333333}},{"first_submission":"Ficha03_041 (15).java","second_submission":"Ficha03_041 (12).java","similarities":{"AVG":0.5161290322580645,"MAX":0.5333333333333333}},{"first_submission":"Ficha03_041 (5).java","second_submission":"Ficha03_041 (12).java","similarities":{"AVG":0.5161290322580645,"MAX":0.5333333333333333}},{"first_submission":"Ficha03_041 (15).java","second_submission":"Ficha03_041 (8).java","similarities":{"AVG":0.5161290322580645,"MAX":0.5333333333333333}},{"first_submission":"Ficha03_041 (15).java","second_submission":"Ficha03_041 (22).java","similarities":{"AVG":0.5161290322580645,"MAX":0.5333333333333333}},{"first_submission":"Ficha03_041 (15).java","second_submission":"Ficha03_041 (21).java","similarities":{"AVG":0.5161290322580645,"MAX":0.5333333333333333}},{"first_submission":"Ficha03_041 (15).java","second_submission":"Ficha03_041 (1).java","similarities":{"AVG":0.5161290322580645,"MAX":0.5333333333333333}},{"first_submission":"Ficha03_041 (15).java","second_submission":"Ficha03_041 (14).java","similarities":{"AVG":0.5161290322580645,"MAX":0.5333333333333333}},{"first_submission":"Ficha03_041 (15).java","second_submission":"Ficha03_041 (19).java","similarities":{"AVG":0.5161290322580645,"MAX":0.5333333333333333}},{"first_submission":"Ficha03_041 (15).java","second_submission":"Ficha03_041 (6).java","similarities":{"AVG":0.5161290322580645,"MAX":0.5333333333333333}},{"first_submission":"Ficha03_041 (15).java","second_submission":"Ficha03_041 (13).java","similarities":{"AVG":0.5161290322580645,"MAX":0.5333333333333333}},{"first_submission":"Ficha03_041 (15).java","second_submission":"Ficha03_041 (18).java","similarities":{"AVG":0.5161290322580645,"MAX":0.5333333333333333}},{"first_submission":"Ficha03_041 (5).java","second_submission":"Ficha03_041 (8).java","similarities":{"AVG":0.5161290322580645,"MAX":0.5333333333333333}},{"first_submission":"Ficha03_041 (5).java","second_submission":"Ficha03_041 (22).java","similarities":{"AVG":0.5161290322580645,"MAX":0.5333333333333333}},{"first_submission":"Ficha03_041 (5).java","second_submission":"Ficha03_041 (21).java","similarities":{"AVG":0.5161290322580645,"MAX":0.5333333333333333}},{"first_submission":"Ficha03_041 (5).java","second_submission":"Ficha03_041 (1).java","similarities":{"AVG":0.5161290322580645,"MAX":0.5333333333333333}},{"first_submission":"Ficha03_041 (5).java","second_submission":"Ficha03_041 (14).java","similarities":{"AVG":0.5161290322580645,"MAX":0.5333333333333333}},{"first_submission":"Ficha03_041 (5).java","second_submission":"Ficha03_041 (19).java","similarities":{"AVG":0.5161290322580645,"MAX":0.5333333333333333}},{"first_submission":"Ficha03_041 (5).java","second_submission":"Ficha03_041 (6).java","similarities":{"AVG":0.5161290322580645,"MAX":0.5333333333333333}},{"first_submission":"Ficha03_041 (5).java","second_submission":"Ficha03_041 (13).java","similarities":{"AVG":0.5161290322580645,"MAX":0.5333333333333333}},{"first_submission":"Ficha03_041 (5).java","second_submission":"Ficha03_041 (18).java","similarities":{"AVG":0.5161290322580645,"MAX":0.5333333333333333}},{"first_submission":"Ficha03_041 (2).java","second_submission":"Ficha03_041 (9).java","similarities":{"AVG":0.5079365079365079,"MAX":0.5333333333333333}},{"first_submission":"Ficha03_041 (7).java","second_submission":"Ficha03_041 (4).java","similarities":{"AVG":0.5074626865671642,"MAX":0.53125}},{"first_submission":"Ficha03_041 (17).java","second_submission":"Ficha03_041 (7).java","similarities":{"AVG":0.5,"MAX":0.5}},{"first_submission":"Ficha03_041 (10).java","second_submission":"Ficha03_041 (7).java","similarities":{"AVG":0.5,"MAX":0.5}},{"first_submission":"Ficha03_041 (20).java","second_submission":"Ficha03_041 (7).java","similarities":{"AVG":0.5,"MAX":0.5}},{"first_submission":"Ficha03_041 (12).java","second_submission":"Ficha03_041 (7).java","similarities":{"AVG":0.5,"MAX":0.5}},{"first_submission":"Ficha03_041 (7).java","second_submission":"Ficha03_041 (8).java","similarities":{"AVG":0.5,"MAX":0.5}},{"first_submission":"Ficha03_041 (22).java","second_submission":"Ficha03_041 (7).java","similarities":{"AVG":0.5,"MAX":0.5}},{"first_submission":"Ficha03_041 (21).java","second_submission":"Ficha03_041 (7).java","similarities":{"AVG":0.5,"MAX":0.5}},{"first_submission":"Ficha03_041 (1).java","second_submission":"Ficha03_041 (7).java","similarities":{"AVG":0.5,"MAX":0.5}},{"first_submission":"Ficha03_041 (14).java","second_submission":"Ficha03_041 (7).java","similarities":{"AVG":0.5,"MAX":0.5}},{"first_submission":"Ficha03_041 (19).java","second_submission":"Ficha03_041 (7).java","similarities":{"AVG":0.5,"MAX":0.5}},{"first_submission":"Ficha03_041 (6).java","second_submission":"Ficha03_041 (7).java","similarities":{"AVG":0.5,"MAX":0.5}},{"first_submission":"Ficha03_041 (13).java","second_submission":"Ficha03_041 (7).java","similarities":{"AVG":0.5,"MAX":0.5}},{"first_submission":"Ficha03_041 (18).java","second_submission":"Ficha03_041 (7).java","similarities":{"AVG":0.5,"MAX":0.5}},{"first_submission":"Ficha03_041 (17).java","second_submission":"Ficha03_041 (9).java","similarities":{"AVG":0.49230769230769234,"MAX":0.5}},{"first_submission":"Ficha03_041 (20).java","second_submission":"Ficha03_041 (9).java","similarities":{"AVG":0.49230769230769234,"MAX":0.5}},{"first_submission":"Ficha03_041 (2).java","second_submission":"Ficha03_041 (4).java","similarities":{"AVG":0.49230769230769234,"MAX":0.5333333333333333}},{"first_submission":"Ficha03_041 (12).java","second_submission":"Ficha03_041 (9).java","similarities":{"AVG":0.49230769230769234,"MAX":0.5}},{"first_submission":"Ficha03_041 (8).java","second_submission":"Ficha03_041 (9).java","similarities":{"AVG":0.49230769230769234,"MAX":0.5}},{"first_submission":"Ficha03_041 (22).java","second_submission":"Ficha03_041 (9).java","similarities":{"AVG":0.49230769230769234,"MAX":0.5}},{"first_submission":"Ficha03_041 (21).java","second_submission":"Ficha03_041 (9).java","similarities":{"AVG":0.49230769230769234,"MAX":0.5}},{"first_submission":"Ficha03_041 (1).java","second_submission":"Ficha03_041 (9).java","similarities":{"AVG":0.49230769230769234,"MAX":0.5}},{"first_submission":"Ficha03_041 (19).java","second_submission":"Ficha03_041 (9).java","similarities":{"AVG":0.49230769230769234,"MAX":0.5}},{"first_submission":"Ficha03_041 (6).java","second_submission":"Ficha03_041 (9).java","similarities":{"AVG":0.49230769230769234,"MAX":0.5}},{"first_submission":"Ficha03_041 (13).java","second_submission":"Ficha03_041 (9).java","similarities":{"AVG":0.49230769230769234,"MAX":0.5}},{"first_submission":"Ficha03_041 (18).java","second_submission":"Ficha03_041 (9).java","similarities":{"AVG":0.49230769230769234,"MAX":0.5}},{"first_submission":"Ficha03_041 (17).java","second_submission":"Ficha03_041 (4).java","similarities":{"AVG":0.47761194029850745,"MAX":0.5}},{"first_submission":"Ficha03_041 (20).java","second_submission":"Ficha03_041 (4).java","similarities":{"AVG":0.47761194029850745,"MAX":0.5}},{"first_submission":"Ficha03_041 (12).java","second_submission":"Ficha03_041 (4).java","similarities":{"AVG":0.47761194029850745,"MAX":0.5}},{"first_submission":"Ficha03_041 (8).java","second_submission":"Ficha03_041 (4).java","similarities":{"AVG":0.47761194029850745,"MAX":0.5}},{"first_submission":"Ficha03_041 (22).java","second_submission":"Ficha03_041 (4).java","similarities":{"AVG":0.47761194029850745,"MAX":0.5}},{"first_submission":"Ficha03_041 (21).java","second_submission":"Ficha03_041 (4).java","similarities":{"AVG":0.47761194029850745,"MAX":0.5}},{"first_submission":"Ficha03_041 (1).java","second_submission":"Ficha03_041 (4).java","similarities":{"AVG":0.47761194029850745,"MAX":0.5}},{"first_submission":"Ficha03_041 (19).java","second_submission":"Ficha03_041 (4).java","similarities":{"AVG":0.47761194029850745,"MAX":0.5}},{"first_submission":"Ficha03_041 (6).java","second_submission":"Ficha03_041 (4).java","similarities":{"AVG":0.47761194029850745,"MAX":0.5}},{"first_submission":"Ficha03_041 (13).java","second_submission":"Ficha03_041 (4).java","similarities":{"AVG":0.47761194029850745,"MAX":0.5}},{"first_submission":"Ficha03_041 (18).java","second_submission":"Ficha03_041 (4).java","similarities":{"AVG":0.47761194029850745,"MAX":0.5}},{"first_submission":"Ficha03_041 (5).java","second_submission":"Ficha03_041 (11).java","similarities":{"AVG":0.3548387096774194,"MAX":0.36666666666666664}},{"first_submission":"Ficha03_041 (5).java","second_submission":"Ficha03_041 (3).java","similarities":{"AVG":0.3548387096774194,"MAX":0.36666666666666664}},{"first_submission":"Ficha03_041 (16).java","second_submission":"Ficha03_041 (11).java","similarities":{"AVG":0.29508196721311475,"MAX":0.3103448275862069}},{"first_submission":"Ficha03_041 (16).java","second_submission":"Ficha03_041 (3).java","similarities":{"AVG":0.29508196721311475,"MAX":0.3103448275862069}},{"first_submission":"Ficha03_041 (15).java","second_submission":"Ficha03_041 (11).java","similarities":{"AVG":0.2903225806451613,"MAX":0.3}},{"first_submission":"Ficha03_041 (2).java","second_submission":"Ficha03_041 (11).java","similarities":{"AVG":0.2903225806451613,"MAX":0.3}},{"first_submission":"Ficha03_041 (15).java","second_submission":"Ficha03_041 (3).java","similarities":{"AVG":0.2903225806451613,"MAX":0.3}},{"first_submission":"Ficha03_041 (2).java","second_submission":"Ficha03_041 (3).java","similarities":{"AVG":0.2903225806451613,"MAX":0.3}},{"first_submission":"Ficha03_041 (11).java","second_submission":"Ficha03_041 (17).java","similarities":{"AVG":0.28125,"MAX":0.28125}},{"first_submission":"Ficha03_041 (11).java","second_submission":"Ficha03_041 (20).java","similarities":{"AVG":0.28125,"MAX":0.28125}},{"first_submission":"Ficha03_041 (11).java","second_submission":"Ficha03_041 (12).java","similarities":{"AVG":0.28125,"MAX":0.28125}},{"first_submission":"Ficha03_041 (11).java","second_submission":"Ficha03_041 (8).java","similarities":{"AVG":0.28125,"MAX":0.28125}},{"first_submission":"Ficha03_041 (11).java","second_submission":"Ficha03_041 (22).java","similarities":{"AVG":0.28125,"MAX":0.28125}},{"first_submission":"Ficha03_041 (11).java","second_submission":"Ficha03_041 (21).java","similarities":{"AVG":0.28125,"MAX":0.28125}},{"first_submission":"Ficha03_041 (1).java","second_submission":"Ficha03_041 (11).java","similarities":{"AVG":0.28125,"MAX":0.28125}},{"first_submission":"Ficha03_041 (11).java","second_submission":"Ficha03_041 (19).java","similarities":{"AVG":0.28125,"MAX":0.28125}},{"first_submission":"Ficha03_041 (11).java","second_submission":"Ficha03_041 (6).java","similarities":{"AVG":0.28125,"MAX":0.28125}},{"first_submission":"Ficha03_041 (11).java","second_submission":"Ficha03_041 (13).java","similarities":{"AVG":0.28125,"MAX":0.28125}},{"first_submission":"Ficha03_041 (11).java","second_submission":"Ficha03_041 (18).java","similarities":{"AVG":0.28125,"MAX":0.28125}},{"first_submission":"Ficha03_041 (17).java","second_submission":"Ficha03_041 (3).java","similarities":{"AVG":0.28125,"MAX":0.28125}},{"first_submission":"Ficha03_041 (20).java","second_submission":"Ficha03_041 (3).java","similarities":{"AVG":0.28125,"MAX":0.28125}},{"first_submission":"Ficha03_041 (12).java","second_submission":"Ficha03_041 (3).java","similarities":{"AVG":0.28125,"MAX":0.28125}},{"first_submission":"Ficha03_041 (3).java","second_submission":"Ficha03_041 (8).java","similarities":{"AVG":0.28125,"MAX":0.28125}},{"first_submission":"Ficha03_041 (22).java","second_submission":"Ficha03_041 (3).java","similarities":{"AVG":0.28125,"MAX":0.28125}},{"first_submission":"Ficha03_041 (21).java","second_submission":"Ficha03_041 (3).java","similarities":{"AVG":0.28125,"MAX":0.28125}},{"first_submission":"Ficha03_041 (1).java","second_submission":"Ficha03_041 (3).java","similarities":{"AVG":0.28125,"MAX":0.28125}},{"first_submission":"Ficha03_041 (19).java","second_submission":"Ficha03_041 (3).java","similarities":{"AVG":0.28125,"MAX":0.28125}},{"first_submission":"Ficha03_041 (3).java","second_submission":"Ficha03_041 (6).java","similarities":{"AVG":0.28125,"MAX":0.28125}},{"first_submission":"Ficha03_041 (13).java","second_submission":"Ficha03_041 (3).java","similarities":{"AVG":0.28125,"MAX":0.28125}},{"first_submission":"Ficha03_041 (18).java","second_submission":"Ficha03_041 (3).java","similarities":{"AVG":0.28125,"MAX":0.28125}}],"clusters":[{"average_similarity":1.0,"strength":0.003711614183786602,"members":["Ficha03_041 (11).java","Ficha03_041 (3).java"]},{"average_similarity":0.6644365370308957,"strength":0.008287297742870264,"members":["Ficha03_041 (16).java","Ficha03_041 (2).java","Ficha03_041 (7).java","Ficha03_041 (15).java","Ficha03_041 (5).java"]},{"average_similarity":1.0,"strength":0.03712537484039247,"members":["Ficha03_041 (17).java","Ficha03_041 (20).java","Ficha03_041 (12).java","Ficha03_041 (8).java","Ficha03_041 (22).java","Ficha03_041 (21).java","Ficha03_041 (1).java","Ficha03_041 (19).java","Ficha03_041 (6).java","Ficha03_041 (13).java","Ficha03_041 (18).java"]},{"average_similarity":0.8341966637401229,"strength":0.0027818340891422703,"members":["Ficha03_041 (10).java","Ficha03_041 (14).java","Ficha03_041 (9).java","Ficha03_041 (4).java"]}],"total_comparisons":231}