{"submission_file_indexes":{"Ficha03_041 (10).java":{"Ficha03_041 (10).java\\Ficha03_041 (10).java":{"token_count":33}},"Ficha03_041 (16).java":{"Ficha03_041 (16).java\\Ficha03_041 (16).java":{"token_count":30}},"Ficha03_041 (4).java":{"Ficha03_041 (4).java\\Ficha03_041 (4).java":{"token_count":36}},"Ficha03_041 (9).java":{"Ficha03_041 (9).java\\Ficha03_041 (9).java":{"token_count":34}},"Ficha03_041 (11).java":{"Ficha03_041 (11).java\\Ficha03_041 (11).java":{"token_count":33}},"Ficha03_041 (21).java":{"Ficha03_041 (21).java\\Ficha03_041 (21).java":{"token_count":33}},"Ficha03_041 (15).java":{"Ficha03_041 (15).java\\Ficha03_041 (15).java":{"token_count":31}},"Ficha03_041 (18).java":{"Ficha03_041 (18).java\\Ficha03_041 (18).java":{"token_count":33}},"Ficha03_041 (3).java":{"Ficha03_041 (3).java\\Ficha03_041 (3).java":{"token_count":33}},"Ficha03_041 (14).java":{"Ficha03_041 (14).java\\Ficha03_041 (14).java":{"token_count":33}},"Ficha03_041 (20).java":{"Ficha03_041 (20).java\\Ficha03_041 (20).java":{"token_count":33}},"Ficha03_041 (8).java":{"Ficha03_041 (8).java\\Ficha03_041 (8).java":{"token_count":33}},"Ficha03_041 (13).java":{"Ficha03_041 (13).java\\Ficha03_041 (13).java":{"token_count":33}},"Ficha03_041 (19).java":{"Ficha03_041 (19).java\\Ficha03_041 (19).java":{"token_count":33}},"Ficha03_041 (1).java":{"Ficha03_041 (1).java\\Ficha03_041 (1).java":{"token_count":33}},"Ficha03_041 (7).java":{"Ficha03_041 (7).java\\Ficha03_041 (7).java":{"token_count":33}},"Ficha03_041 (5).java":{"Ficha03_041 (5).java\\Ficha03_041 (5).java":{"token_count":31}},"Ficha03_041 (2).java":{"Ficha03_041 (2).java\\Ficha03_041 (2).java":{"token_count":31}},"Ficha03_041 (17).java":{"Ficha03_041 (17).java\\Ficha03_041 (17).java":{"token_count":33}},"Ficha03_041 (22).java":{"Ficha03_041 (22).java\\Ficha03_041 (22).java":{"token_count":33}},"Ficha03_041 (6).java":{"Ficha03_041 (6).java\\Ficha03_041 (6).java":{"token_count":33}},"Ficha03_041 (12).java":{"Ficha03_041 (12).java\\Ficha03_041 (12).java":{"token_count":33}}}}